How the Grinch Stole Christmas	Universal	Adventure
Dinosaur	Walt Disney	Adventure
Cast Away	20th Century Fox	Adventure
Chicken Run	Dreamworks SKG	Adventure
Space Cowboys	Warner Bros.	Adventure
Rugrats in Paris	Paramount Pictures	Adventure
Mission to Mars	Walt Disney	Adventure
Stuart Little	Sony Pictures	Adventure
Snow Day	Paramount Pictures	Adventure
102 Dalmatians	Walt Disney	Adventure
"The Emperor's New Groove"	Walt Disney	Adventure
The Road to El Dorado	Dreamworks SKG	Adventure
The Tigger Movie	Walt Disney	Adventure
Galaxy Quest	Dreamworks SKG	Adventure
Pokemon 2000	Warner Bros.	Adventure
Toy Story 2	Walt Disney	Adventure
The Flintstones in Viva Roc…	Universal	Adventure
The Adventures of Rocky & B…	Universal	Adventure
Titan A.E.	20th Century Fox	Adventure
Thomas and the Magic Railroad	Destination Films	Adventure
Dungeons and Dragons	New Line	Adventure
The Little Vampire	New Line	Adventure
Digimon: The Movie	20th Century Fox	Adventure
T-Rex: Back to the Cretaceous	IMAX Films	Adventure
Cyberworld 3D	IMAX Films	Adventure
Alien Adventure	nWave Pictures	Adventure
Pokemon: The First Movie	Warner Bros.	Adventure
MVP: Most Valuable Primate	Keystone Entertai…	Adventure
Star Wars Ep. I: The Phanto…	20th Century Fox	Adventure
Across The Sea of Time	Sony Pictures Cla…	Adventure
Tarzan	Walt Disney	Adventure
Kirikou and the Sorceress	ArtMattan Films	Adventure
Sinbad: Beyond the Veil of …	Phaedra Cinema	Adventure
Harry Potter and the Sorcer…	Warner Bros.	Adventure
Shrek	Dreamworks SKG	Adventure
"Monsters, Inc."	Walt Disney	Adventure
The Lord of the Rings: The …	New Line	Adventure
The Mummy Returns	Universal	Adventure
Planet of the Apes	20th Century Fox	Adventure
Lara Croft: Tomb Raider	Paramount Pictures	Adventure
Cast Away	20th Century Fox	Adventure
Dr. Dolittle 2	20th Century Fox	Adventure
Spy Kids	Miramax/Dimension	Adventure
Atlantis: The Lost Empire	Walt Disney	Adventure
Jimmy Neutron: Boy Genius	Paramount Pictures	Adventure
A Knight’s Tale	Sony Pictures	Adventure
"The Emperor's New Groove"	Walt Disney	Adventure
"Recess: School's Out"	Walt Disney	Adventure
See Spot Run	Warner Bros.	Adventure
Final Fantasy: The Spirits …	Sony Pictures	Adventure
Black Knight	20th Century Fox	Adventure
The Musketeer	Universal	Adventure
Crocodile Dundee in Los Ang…	Paramount Pictures	Adventure
"Max Keeble's Big Move"	Walt Disney	Adventure
Pokemon 3: The Movie	Warner Bros.	Adventure
Osmosis Jones	Warner Bros.	Adventure
102 Dalmatians	Walt Disney	Adventure
Cyberworld 3D	IMAX Films	Adventure
How the Grinch Stole Christmas	Universal	Adventure
Rugrats in Paris	Paramount Pictures	Adventure
Haunted Castle	nWave Pictures	Adventure
T-Rex: Back to the Cretaceous	IMAX Films	Adventure
Dungeons and Dragons	New Line	Adventure
Alien Adventure	nWave Pictures	Adventure
Across The Sea of Time	Sony Pictures Cla…	Adventure
Space Cowboys	Warner Bros.	Adventure
2001: A Space Odyssey	MGM	Adventure
Kirikou and the Sorceress	ArtMattan Films	Adventure
Spider-Man	Sony Pictures	Adventure
Star Wars Ep. II: Attack of…	20th Century Fox	Adventure
The Lord of the Rings: The …	New Line	Adventure
Harry Potter and the Chambe…	Warner Bros.	Adventure
Ice Age	20th Century Fox	Adventure
Scooby-Doo	Warner Bros.	Adventure
Lilo & Stitch	Walt Disney	Adventure
The Santa Clause 2	Walt Disney	Adventure
The Lord of the Rings: The …	New Line	Adventure
Spy Kids 2: The Island of L…	Miramax/Dimension	Adventure
Snow Dogs	Walt Disney	Adventure
Spirit: Stallion of the Cim…	Dreamworks SKG	Adventure
Stuart Little 2	Sony Pictures	Adventure
The Time Machine	Dreamworks SKG	Adventure
The Count of Monte Cristo	Walt Disney	Adventure
Like Mike	20th Century Fox	Adventure
Peter Pan: Return to Neverland	Walt Disney	Adventure
Big Fat Liar	Universal	Adventure
The Master of Disguise	Sony Pictures	Adventure
Star Trek: Nemesis	Paramount Pictures	Adventure
Clockstoppers	Paramount Pictures	Adventure
Treasure Planet	Walt Disney	Adventure
The Wild Thornberrys Movie	Paramount Pictures	Adventure
The Crocodile Hunter: Colli…	MGM	Adventure
Jonah: A VeggieTales Movie	Artisan	Adventure
Jimmy Neutron: Boy Genius	Paramount Pictures	Adventure
Harry Potter and the Sorcer…	Warner Bros.	Adventure
The Country Bears	Walt Disney	Adventure
Hey Arnold! The Movie	Paramount Pictures	Adventure
The Powerpuff Girls	Warner Bros.	Adventure
"Monsters, Inc."	Walt Disney	Adventure
Sen to Chihiro no Kamikakushi	Walt Disney	Adventure
The Lion King	Walt Disney	Adventure
T-Rex: Back to the Cretaceous	IMAX Films	Adventure
Spider-Man/Men in Black II …	Sony Pictures	Adventure
Pinocchio	Miramax	Adventure
Haunted Castle	nWave Pictures	Adventure
Santa vs. The Snowman	IMAX Films	Adventure
Pokemon 4Ever	Miramax	Adventure
Black Knight	20th Century Fox	Adventure
Cyberworld 3D	IMAX Films	Adventure
Metropolis	Sony Pictures	Adventure
Alien Adventure	nWave Pictures	Adventure
Planet of the Apes	20th Century Fox	Adventure
Across The Sea of Time	Sony Pictures Cla…	Adventure
"Max Keeble's Big Move"	Walt Disney	Adventure
Hansel & Gretel		Adventure
Steel Spirit	Cinema Guild	Adventure
Finding Nemo	Walt Disney	Adventure
Pirates of the Caribbean: T…	Walt Disney	Adventure
The Lord of the Rings: The …	New Line	Adventure
Spy Kids 3-D: Game Over	Miramax/Dimension	Adventure
The Italian Job	Paramount Pictures	Adventure
Dr. Seuss’ The Cat in the H…	Universal	Adventure
Brother Bear	Walt Disney	Adventure
Master and Commander: The F…	20th Century Fox	Adventure
The Lord of the Rings: The …	New Line	Adventure
The Haunted Mansion	Walt Disney	Adventure
Holes	Walt Disney	Adventure
Kangaroo Jack	Warner Bros.	Adventure
The League of Extraordinary…	20th Century Fox	Adventure
Lara Croft: Tomb Raider: Th…	Paramount Pictures	Adventure
The Jungle Book 2	Walt Disney	Adventure
Agent Cody Banks	MGM	Adventure
The Lizzie McGuire Movie	Walt Disney	Adventure
Rugrats Go Wild	Paramount Pictures	Adventure
Good Boy!	MGM	Adventure
Peter Pan	Universal	Adventure
Johnny English	Universal	Adventure
Sinbad: Legend of the Seven…	Dreamworks SKG	Adventure
"Piglet's Big Movie"	Walt Disney	Adventure
Looney Tunes: Back in Action	Warner Bros.	Adventure
Timeline	Paramount Pictures	Adventure
Harry Potter and the Chambe…	Warner Bros.	Adventure
The Lion King	Walt Disney	Adventure
The Wild Thornberrys Movie	Paramount Pictures	Adventure
Grind	Warner Bros.	Adventure
Sen to Chihiro no Kamikakushi	Walt Disney	Adventure
T-Rex: Back to the Cretaceous	IMAX Films	Adventure
Star Trek: Nemesis	Paramount Pictures	Adventure
Haunted Castle	nWave Pictures	Adventure
Young Black Stallion	Walt Disney	Adventure
Treasure Planet	Walt Disney	Adventure
The Legend of Johnny Lingo	Innovation Film G…	Adventure
The Santa Clause 2	Walt Disney	Adventure
Santa vs. The Snowman	IMAX Films	Adventure
Pokemon Heroes	Miramax	Adventure
"Help! I'm a Fish"		Adventure
The Lord of the Rings: The …	New Line	Adventure
Pinocchio	Miramax	Adventure
Spy Kids 2: The Island of L…	Miramax/Dimension	Adventure
Gerry	ThinkFilm	Adventure
Jonah: A VeggieTales Movie	Artisan	Adventure
Alien Adventure	nWave Pictures	Adventure
Across The Sea of Time	Sony Pictures Cla…	Adventure
Shrek 2	Dreamworks SKG	Adventure
Spider-Man 2	Sony Pictures	Adventure
The Incredibles	Walt Disney	Adventure
Harry Potter and the Prison…	Warner Bros.	Adventure
The Day After Tomorrow	20th Century Fox	Adventure
Shark Tale	Dreamworks SKG	Adventure
The Polar Express	Warner Bros.	Adventure
National Treasure	Walt Disney	Adventure
"Ocean's Twelve"	Warner Bros.	Adventure
"Lemony Snicket's A Series o…"	Paramount Pictures	Adventure
The Lord of the Rings: The …	New Line	Adventure
Scooby-Doo 2: Monsters Unle…	Warner Bros.	Adventure
SpongeBob SquarePants: The …	Paramount Pictures	Adventure
Garfield: The Movie	20th Century Fox	Adventure
The Chronicles of Riddick	Universal	Adventure
King Arthur	Walt Disney	Adventure
Home on the Range	Walt Disney	Adventure
Sky Captain and the World o…	Paramount Pictures	Adventure
Around the World in 80 Days	Walt Disney	Adventure
Agent Cody Banks 2: Destina…	MGM	Adventure
Yu-Gi-Oh	Warner Bros.	Adventure
Two Brothers	Universal	Adventure
Flight of the Phoenix	20th Century Fox	Adventure
Catch That Kid	20th Century Fox	Adventure
Peter Pan	Universal	Adventure
Master and Commander: The F…	20th Century Fox	Adventure
Sleepover	MGM	Adventure
Superbabies: Baby Geniuses 2	Sony Pictures	Adventure
Thunderbirds	Universal	Adventure
"Teacher's Pet: The Movie"	Walt Disney	Adventure
The Haunted Mansion	Walt Disney	Adventure
Young Black Stallion	Walt Disney	Adventure
"Clifford's Really Big Movie"	Warner Bros.	Adventure
T-Rex: Back to the Cretaceous	IMAX Films	Adventure
Santa vs. The Snowman	IMAX Films	Adventure
Haunted Castle	nWave Pictures	Adventure
Brother Bear	Walt Disney	Adventure
Dr. Seuss’ The Cat in the H…	Universal	Adventure
Lakshya	UTV Communications	Adventure
The Legend of Johnny Lingo	Innovation Film G…	Adventure
Alien Adventure	nWave Pictures	Adventure
Timeline	Paramount Pictures	Adventure
Looney Tunes: Back in Action	Warner Bros.	Adventure
The Snow Walker		Adventure
Tokyo Godfathers	IDP Distribution	Adventure
Spy Kids 3-D: Game Over	Miramax/Dimension	Adventure
Kaena: La prophétie	IDP Distribution	Adventure
Across The Sea of Time	Sony Pictures Cla…	Adventure
Good Boy!	MGM	Adventure
Star Wars Ep. III: Revenge …	20th Century Fox	Adventure
Harry Potter and the Goblet…	Warner Bros.	Adventure
The Chronicles of Narnia: T…	Walt Disney	Adventure
Charlie and the Chocolate F…	Warner Bros.	Adventure
Madagascar	Dreamworks SKG	Adventure
King Kong	Universal	Adventure
Chicken Little	Walt Disney	Adventure
Robots	20th Century Fox	Adventure
Sahara	Paramount Pictures	Adventure
Herbie: Fully Loaded	Walt Disney	Adventure
Sky High	Walt Disney	Adventure
Wallace & Gromit: The Curse…	Dreamworks SKG	Adventure
Corpse Bride	Warner Bros.	Adventure
"The Hitchhiker's Guide to t…"	Walt Disney	Adventure
Cheaper by the Dozen 2	20th Century Fox	Adventure
Racing Stripes	Warner Bros.	Adventure
The Legend of Zorro	Sony Pictures	Adventure
The Adventures of Sharkboy …	Miramax/Dimension	Adventure
The Brothers Grimm	Miramax/Dimension	Adventure
Zathura	Sony Pictures	Adventure
"Lemony Snicket's A Series o…"	Paramount Pictures	Adventure
Valiant	Walt Disney	Adventure
Into the Blue	Sony Pictures	Adventure
"Ocean's Twelve"	Warner Bros.	Adventure
National Treasure	Walt Disney	Adventure
"Pooh's Heffalump Movie"	Walt Disney	Adventure
The Polar Express	Warner Bros.	Adventure
Son of the Mask	New Line	Adventure
The Incredibles	Walt Disney	Adventure
Hauru no ugoku shiro	Walt Disney	Adventure
Flight of the Phoenix	20th Century Fox	Adventure
SpongeBob SquarePants: The …	Paramount Pictures	Adventure
T-Rex: Back to the Cretaceous	IMAX Films	Adventure
Haunted Castle	nWave Pictures	Adventure
Bunty Aur Babli	Yash Raj Films	Adventure
Duma	Warner Bros.	Adventure
Shark Tale	Dreamworks SKG	Adventure
Alien Adventure	nWave Pictures	Adventure
The New World	New Line	Adventure
Young Black Stallion	Walt Disney	Adventure
Santa vs. The Snowman	IMAX Films	Adventure
Pirates of the Caribbean: D…	Walt Disney	Adventure
Cars	Walt Disney	Adventure
Superman Returns	Warner Bros.	Adventure
Ice Age: The Meltdown	20th Century Fox	Adventure
Happy Feet	Warner Bros.	Adventure
Over the Hedge	Paramount Pictures	Adventure
Night at the Museum	20th Century Fox	Adventure
Open Season	Sony Pictures	Adventure
The Santa Clause 3: The Esc…	Walt Disney	Adventure
The Pink Panther	Sony Pictures	Adventure
Eight Below	Walt Disney	Adventure
The Chronicles of Narnia: T…	Walt Disney	Adventure
Monster House	Sony Pictures	Adventure
Barnyard: The Original Part…	Paramount Pictures	Adventure
R.V.	Sony Pictures	Adventure
Flushed Away	Paramount Pictures	Adventure
Poseidon	Warner Bros.	Adventure
Curious George	Universal	Adventure
Eragon	20th Century Fox	Adventure
Hoodwinked	Weinstein Co.	Adventure
King Kong	Universal	Adventure
Nanny McPhee	Universal	Adventure
The Wild	Walt Disney	Adventure
Cheaper by the Dozen 2	20th Century Fox	Adventure
Garfield: A Tail of Two Kit…	20th Century Fox	Adventure
The Ant Bully	Warner Bros.	Adventure
Unaccompanied Minors	Warner Bros.	Adventure
Harry Potter and the Goblet…	Warner Bros.	Adventure
"Everyone's Hero"	20th Century Fox	Adventure
The New World	New Line	Adventure
Zoom	Sony Pictures	Adventure
Hoot	New Line	Adventure
Doogal	Weinstein Co.	Adventure
The Polar Express	Warner Bros.	Adventure
Chicken Little	Walt Disney	Adventure
Santa vs. The Snowman	IMAX Films	Adventure
The Celestine Prophecy	Ram Entertainment	Adventure
T-Rex: Back to the Cretaceous	IMAX Films	Adventure
Lassie	IDP/Goldwyn/Roadside	Adventure
Haunted Castle	nWave Pictures	Adventure
Romeo & Juliet: Sealed with…	Indican Pictures	Adventure
Kaptein Sabeltann	Indican Pictures	Adventure
Wallace & Gromit: The Curse…	Dreamworks SKG	Adventure
Alien Adventure	nWave Pictures	Adventure
Spider-Man 3	Sony Pictures	Adventure
Shrek the Third	Paramount Pictures	Adventure
Pirates of the Caribbean: A…	Walt Disney	Adventure
Harry Potter and the Order …	Warner Bros.	Adventure
Ratatouille	Walt Disney	Adventure
The Simpsons Movie	20th Century Fox	Adventure
National Treasure: Book of …	Walt Disney	Adventure
Alvin and the Chipmunks	20th Century Fox	Adventure
Night at the Museum	20th Century Fox	Adventure
Bee Movie	Paramount Pictures	Adventure
"Ocean's Thirteen"	Warner Bros.	Adventure
Meet the Robinsons	Walt Disney	Adventure
Beowulf	Paramount Pictures	Adventure
The Golden Compass	New Line	Adventure
Surf’s Up	Sony Pictures	Adventure
Underdog	Walt Disney	Adventure
Stardust	Paramount Pictures	Adventure
Mr. Bean’s Holiday	Universal	Adventure
The Water Horse: Legend of …	Sony Pictures	Adventure
Happy Feet	Warner Bros.	Adventure
The Last Mimzy	New Line	Adventure
Eragon	20th Century Fox	Adventure
"Happily N'Ever After"	Lionsgate	Adventure
Arthur et les Minimoys	Weinstein Co.	Adventure
The Darjeeling Limited	Fox Searchlight	Adventure
The Seeker: The Dark is Rising	20th Century Fox	Adventure
Flushed Away	Paramount Pictures	Adventure
The Polar Express	Warner Bros.	Adventure
Santa vs. The Snowman	IMAX Films	Adventure
Unaccompanied Minors	Warner Bros.	Adventure
The Ten Commandments	Rocky Mountain Pi…	Adventure
The Santa Clause 3: The Esc…	Walt Disney	Adventure
T-Rex: Back to the Cretaceous	IMAX Films	Adventure
Haunted Castle	nWave Pictures	Adventure
Romeo & Juliet: Sealed with…	Indican Pictures	Adventure
Passage to Zarahemla	Somerset Films	Adventure
Dus Kahaniyaan	Eros Entertainment	Adventure
The Holy Mountain	Abkco Films	Adventure
Iron Man	Paramount Pictures	Adventure
Indiana Jones and the Kingd…	Paramount Pictures	Adventure
WALL-E	Walt Disney	Adventure
Kung Fu Panda	Paramount Pictures	Adventure
Madagascar: Escape 2 Africa	Paramount Pictures	Adventure
Horton Hears a Who	20th Century Fox	Adventure
The Chronicles of Narnia: P…	Walt Disney	Adventure
The Incredible Hulk	Universal	Adventure
Bolt	Walt Disney	Adventure
The Mummy: Tomb of the Drag…	Universal	Adventure
Journey to the Center of th…	Warner Bros.	Adventure
"10,000 B.C."	Warner Bros.	Adventure
Beverly Hills Chihuahua	Walt Disney	Adventure
Bedtime Stories	Walt Disney	Adventure
Jumper	20th Century Fox	Adventure
The Day the Earth Stood Still	20th Century Fox	Adventure
The Spiderwick Chronicles	Paramount Pictures	Adventure
Fool’s Gold	Warner Bros.	Adventure
Alvin and the Chipmunks	20th Century Fox	Adventure
National Treasure: Book of …	Walt Disney	Adventure
"Nim's Island"	20th Century Fox	Adventure
College Road Trip	Walt Disney	Adventure
The Sisterhood of the Trave…	Warner Bros.	Adventure
The Tale of Despereaux	Universal	Adventure
Star Wars: The Clone Wars	Warner Bros.	Adventure
Space Chimps	20th Century Fox	Adventure
Igor	MGM	Adventure
"The Pirates Who Don't Do An…"	Universal	Adventure
Fly Me To the Moon	Summit Entertainment	Adventure
Meet Dave	20th Century Fox	Adventure
The Water Horse: Legend of …	Sony Pictures	Adventure
City of Ember	20th Century Fox	Adventure
The Golden Compass	New Line	Adventure
Bee Movie	Paramount Pictures	Adventure
The Polar Express	Warner Bros.	Adventure
Beowulf	Paramount Pictures	Adventure
Astérix aux Jeux Olympiques		Adventure
Delgo	Freestyle Releasing	Adventure
Heroes	Eros Entertainment	Adventure
Santa vs. The Snowman	IMAX Films	Adventure
Drona	Eros Entertainment	Adventure
"C'est pas moi, je le jure!"		Adventure
長江七號 (CJ7)	Sony Pictures Cla…	Adventure
The Darjeeling Limited	Fox Searchlight	Adventure
The Flyboys	Self Distributed	Adventure
Haunted Castle	nWave Pictures	Adventure
Christmas in Wonderland	Yari Film Group R…	Adventure
A Plumm Summer	Freestyle Releasing	Adventure
Roadside Romeo	Yash Raj Films	Adventure
"Blue Gap Boy'z"	Better World Dist…	Adventure
Passage to Zarahemla	Somerset Films	Adventure
Mission Istaanbul	Raja Cinema	Adventure
One Piece: Episode of Alaba…	The Bigger Picture	Adventure
Solar Flare	Regent Releasing	Adventure
Camille	A-Mark Entertainment	Adventure
The Holy Mountain	Abkco Films	Adventure
Harry Potter and the Half-B…	Warner Bros.	Adventure
Up	Walt Disney	Adventure
Star Trek	Paramount Pictures	Adventure
Monsters vs. Aliens	Paramount Pictures	Adventure
Ice Age: Dawn of the Dinosaurs	20th Century Fox	Adventure
Night at the Museum: Battle…	20th Century Fox	Adventure
Alvin and the Chipmunks: Th…	20th Century Fox	Adventure
Paul Blart: Mall Cop	Sony Pictures	Adventure
Sherlock Holmes	Warner Bros.	Adventure
Cloudy with a Chance of Mea…	Sony Pictures	Adventure
G-Force	Walt Disney	Adventure
The Princess and the Frog	Walt Disney	Adventure
Where the Wild Things Are	Warner Bros.	Adventure
Coraline	Focus Features	Adventure
Hotel for Dogs	Paramount Pictures	Adventure
Race to Witch Mountain	Walt Disney	Adventure
Planet 51	Sony Pictures	Adventure
The Pink Panther 2	Sony Pictures	Adventure
9	Focus Features	Adventure
Toy Story 3D Double Feature	Walt Disney	Adventure
Aliens in the Attic	20th Century Fox	Adventure
Bedtime Stories	Walt Disney	Adventure
Shorts	Warner Bros.	Adventure
Astro Boy	Summit Entertainment	Adventure
Fantastic Mr. Fox	20th Century Fox	Adventure
Inkheart	Warner Bros.	Adventure
Imagine That	Paramount Pictures	Adventure
Gake no ue no Ponyo	Walt Disney	Adventure
Dragonball Evolution	20th Century Fox	Adventure
The Tale of Despereaux	Universal	Adventure
The Day the Earth Stood Still	20th Century Fox	Adventure
Bolt	Walt Disney	Adventure
Madagascar: Escape 2 Africa	Paramount Pictures	Adventure
Fly Me To the Moon	Summit Entertainment	Adventure
Battle for Terra	Roadside Attractions	Adventure
The Imaginarium of Doctor P…	Sony Pictures Cla…	Adventure
Beverly Hills Chihuahua	Walt Disney	Adventure
The Polar Express	Warner Bros.	Adventure
El delfín: La historia de u…		Adventure
Evangerion shin gekijôban: Jo	Eleven Arts	Adventure
Igor	MGM	Adventure
Super Capers	Roadside Attractions	Adventure
Severed Ways: The Norse Dis…	Magnolia Pictures	Adventure
A Town Called Panic	Zeitgeist	Adventure
Santa vs. The Snowman	IMAX Films	Adventure
City of Ember	20th Century Fox	Adventure
Confessions of a Ex-Doofus-…	Self Distributed	Adventure
WALL-E	Walt Disney	Adventure
Toy Story 3	Walt Disney	Adventure
Alice in Wonderland	Walt Disney	Adventure
Harry Potter and the Deathl…	Warner Bros.	Adventure
Despicable Me	Universal	Adventure
Shrek Forever After	Paramount Pictures	Adventure
How to Train Your Dragon	Paramount Pictures	Adventure
Megamind	Paramount Pictures	Adventure
The Last Airbender	Paramount Pictures	Adventure
Tron: Legacy	Walt Disney	Adventure
Percy Jackson & the Olympia…	20th Century Fox	Adventure
The Chronicles of Narnia: T…	20th Century Fox	Adventure
Sherlock Holmes	Warner Bros.	Adventure
Yogi Bear	Warner Bros.	Adventure
Diary of a Wimpy Kid	20th Century Fox	Adventure
Alvin and the Chipmunks: Th…	20th Century Fox	Adventure
"The Sorcerer's Apprentice"	Walt Disney	Adventure
Tooth Fairy	20th Century Fox	Adventure
Legend of the Guardians: Th…	Warner Bros.	Adventure
Cats & Dogs: The Revenge of…	Warner Bros.	Adventure
Marmaduke	20th Century Fox	Adventure
Nanny McPhee and the Big Bang	Universal	Adventure
"Gulliver's Travels"	20th Century Fox	Adventure
Ramona and Beezus	20th Century Fox	Adventure
Alpha and Omega	Lionsgate	Adventure
The Spy Next Door	Lionsgate	Adventure
The Princess and the Frog	Walt Disney	Adventure
Furry Vengeance	Summit Entertainment	Adventure
The Imaginarium of Doctor P…	Sony Pictures Cla…	Adventure
Planet 51	Sony Pictures	Adventure
Fantastic Mr. Fox	20th Century Fox	Adventure
The Secret of Kells	GKIDS	Adventure
The Polar Express	Warner Bros.	Adventure
Where the Wild Things Are	Warner Bros.	Adventure
Cloudy with a Chance of Mea…	Sony Pictures	Adventure
Arthur and the War of Two W…		Adventure
Le Petit Nicolas		Adventure
Iron Man	Paramount Pictures	Adventure
A Town Called Panic	Zeitgeist	Adventure
"L'illusionniste"	Sony Pictures Cla…	Adventure
Astro Boy	Summit Entertainment	Adventure
Gedo Senki (Tales from Eart…	Walt Disney	Adventure
Terkel i knibe		Adventure
Samâ uôzu	GKIDS	Adventure
Harry Potter and the Deathl…	Warner Bros.	Adventure
Pirates of the Caribbean: O…	Walt Disney	Adventure
Cars 2	Walt Disney	Adventure
Rise of the Planet of the Apes	20th Century Fox	Adventure
Kung Fu Panda 2	Paramount Pictures	Adventure
Puss in Boots	Paramount Pictures	Adventure
Rio	20th Century Fox	Adventure
The Smurfs	Sony Pictures	Adventure
Rango	Paramount Pictures	Adventure
Hop	Universal	Adventure
Alvin and the Chipmunks: Ch…	20th Century Fox	Adventure
The Lion King	Walt Disney	Adventure
The Muppets	Walt Disney	Adventure
"Mr. Poppers's Penguins"	20th Century Fox	Adventure
Happy Feet Two	Warner Bros.	Adventure
I am Number Four	Walt Disney	Adventure
Diary of a Wimpy Kid: Rodri…	20th Century Fox	Adventure
The Adventures of Tintin	Paramount Pictures	Adventure
Hugo	Paramount Pictures	Adventure
Arthur Christmas	Sony Pictures	Adventure
Tron: Legacy	Walt Disney	Adventure
Spy Kids: All the Time in t…	Weinstein/Dimension	Adventure
Yogi Bear	Warner Bros.	Adventure
Winnie the Pooh	Walt Disney	Adventure
Mars Needs Moms	Walt Disney	Adventure
The Three Musketeers	Summit Entertainment	Adventure
The Chronicles of Narnia: T…	20th Century Fox	Adventure
"Gulliver's Travels"	20th Century Fox	Adventure
Judy Moody and the Not Bumm…	Relativity	Adventure
Harry Potter and the Deathl…	Warner Bros.	Adventure
Hoodwinked Too: Hood vs. Evil	Weinstein Co.	Adventure
Johnny English Reborn	Universal	Adventure
Megamind	Paramount Pictures	Adventure
The Way Back	Newmarket Films	Adventure
"L'illusionniste"	Sony Pictures Cla…	Adventure
The Lord of the Rings: The …	New Line	Adventure
The Lord of the Rings: The …	New Line	Adventure
The Lord of the Rings: The …	New Line	Adventure
The Polar Express	Warner Bros.	Adventure
Arthur et la vengeance de M…	Alliance Atlantis	Adventure
Despicable Me	Universal	Adventure
Legend of the Guardians: Th…	Warner Bros.	Adventure
Samâ uôzu	GKIDS	Adventure
Alabama Moon	Faulkner-McLean E…	Adventure
Mia et le Migou	GKIDS	Adventure
OKA!	Dada Films	Adventure
Terkel i knibe		Adventure
Miss Minoes	Music Box Films	Adventure
Zokkomon	Walt Disney	Adventure
The Hobbit: An Unexpected J…	Warner Bros.	Adventure
The Amazing Spider-Man	Sony Pictures	Adventure
Brave	Walt Disney	Adventure
"Madagascar 3: Europe's Most…"	Paramount Pictures	Adventure
Dr. Seuss’ The Lorax	Universal	Adventure
Men in Black 3	Sony Pictures	Adventure
Wreck-It Ralph	Walt Disney	Adventure
Ice Age: Continental Drift	20th Century Fox	Adventure
Snow White and the Huntsman	Universal	Adventure
Hotel Transylvania	Sony Pictures	Adventure
Journey 2: The Mysterious I…	Warner Bros.	Adventure
Rise of the Guardians	Paramount Pictures	Adventure
Wrath of the Titans	Warner Bros.	Adventure
John Carter	Walt Disney	Adventure
Mirror Mirror	Relativity	Adventure
ParaNorman	Focus Features	Adventure
Parental Guidance	20th Century Fox	Adventure
Diary of a Wimpy Kid: Dog Days	20th Century Fox	Adventure
Star Wars Ep. I: The Phanto…	20th Century Fox	Adventure
Finding Nemo	Walt Disney	Adventure
Alvin and the Chipmunks: Ch…	20th Century Fox	Adventure
Frankenweenie	Walt Disney	Adventure
The Pirates! Band of Misfits	Sony Pictures	Adventure
"Monsters, Inc."	Walt Disney	Adventure
The Adventures of Tintin	Paramount Pictures	Adventure
Hugo	Paramount Pictures	Adventure
Kari gurashi no Arietti	Walt Disney	Adventure
The Muppets	Walt Disney	Adventure
Puss in Boots	Paramount Pictures	Adventure
Raiders of the Lost Ark	Paramount Pictures	Adventure
Happy Feet Two	Warner Bros.	Adventure
The Oogieloves in the BIG B…	Kenn Viselman Pre…	Adventure
Arthur Christmas	Sony Pictures	Adventure
The Polar Express	Warner Bros.	Adventure
Une vie de chat	Mongrel Media	Adventure
Hagane no renkinjutsushi: M…	Eleven Arts	Adventure
Na pude	Hannover House	Adventure
La nouvelle guerre des boutons	Weinstein Co.	Adventure
Le Voyage dans la Lune		Adventure
The Lion King	Walt Disney	Adventure
Le chat du rabbin	GKIDS	Adventure
OKA!	Dada Films	Adventure
Miss Minoes	Music Box Films	Adventure
Terkel i knibe		Adventure
The Hunger Games: Catching …	Lionsgate	Adventure
Despicable Me 2	Universal	Adventure
Monsters University	Walt Disney	Adventure
Oz the Great and Powerful	Walt Disney	Adventure
The Hobbit: The Desolation …	Warner Bros.	Adventure
Star Trek Into Darkness	Paramount Pictures	Adventure
The Croods	20th Century Fox	Adventure
Cloudy with a Chance of Mea…	Sony Pictures	Adventure
Epic	20th Century Fox	Adventure
Disney Planes	Walt Disney	Adventure
Turbo	20th Century Fox	Adventure
The Smurfs 2	Sony Pictures	Adventure
Percy Jackson: Sea of Monsters	20th Century Fox	Adventure
Jack the Giant Slayer	Warner Bros.	Adventure
"Ender's Game"	Lionsgate	Adventure
Escape From Planet Earth	Weinstein Co.	Adventure
Free Birds	Relativity	Adventure
The Secret Life of Walter M…	20th Century Fox	Adventure
Jurassic Park	Universal	Adventure
The Hobbit: An Unexpected J…	Warner Bros.	Adventure
Walking with Dinosaurs	20th Century Fox	Adventure
The Mortal Instruments: Cit…	Sony Pictures	Adventure
Parental Guidance	20th Century Fox	Adventure
Wreck-It Ralph	Walt Disney	Adventure
Rise of the Guardians	Paramount Pictures	Adventure
"Monsters, Inc."	Walt Disney	Adventure
Hotel Transylvania	Sony Pictures	Adventure
The Christmas Candle	Echolight Studios	Adventure
The Lost Medallion: The Adv…	Freestyle Releasing	Adventure
Frankenweenie	Walt Disney	Adventure
2001: A Space Odyssey	MGM	Adventure
Gekijoban Mahou Shojo Madok…	Eleven Arts	Adventure
Ernest et Celestine	Mongrel Media	Adventure
Ice Age: Continental Drift	20th Century Fox	Adventure
Di Renjie zhi shendu longwa…	AMC Independent	Adventure
Boule et Bill	Distrib Films	Adventure
Zaytoun	Strand	Adventure
Finding Nemo	Walt Disney	Adventure
Brave	Walt Disney	Adventure
Last Flight of the Champion	High Top Releasing	Adventure
Terkel i knibe		Adventure
The Lego Movie	Warner Bros.	Adventure
Maleficent	Walt Disney	Adventure
The Hobbit: The Battle of t…	Warner Bros.	Adventure
Big Hero 6	Walt Disney	Adventure
Dawn of the Planet of the Apes	20th Century Fox	Adventure
Teenage Mutant Ninja Turtles	Paramount Pictures	Adventure
Interstellar	Paramount Pictures	Adventure
How to Train Your Dragon 2	20th Century Fox	Adventure
Divergent	Lionsgate	Adventure
Rio 2	20th Century Fox	Adventure
Mr. Peabody & Sherman	20th Century Fox	Adventure
Penguins of Madagascar	20th Century Fox	Adventure
Hercules	Paramount Pictures	Adventure
Night at the Museum: Secret…	20th Century Fox	Adventure
"Alexander and the Terrible,…"	Walt Disney	Adventure
The Nut Job	Open Road	Adventure
Planes: Fire and Rescue	Walt Disney	Adventure
Muppets Most Wanted	Walt Disney	Adventure
The Boxtrolls	Focus Features	Adventure
The Book of Life	20th Century Fox	Adventure
Earth to Echo	Relativity	Adventure
The Hobbit: The Desolation …	Warner Bros.	Adventure
The Legend of Hercules	Lionsgate	Adventure
The Hunger Games: Catching …	Lionsgate	Adventure
The Secret Life of Walter M…	20th Century Fox	Adventure
Moms’ Night Out	Sony Pictures	Adventure
Legends of Oz: Dorothy’s Re…	Clarius Entertain…	Adventure
Walking with Dinosaurs	20th Century Fox	Adventure
Cloudy with a Chance of Mea…	Sony Pictures	Adventure
Free Birds	Relativity	Adventure
Pirates	Well Go USA	Adventure
Ernest et Celestine	Mongrel Media	Adventure
2001: A Space Odyssey	MGM	Adventure
Despicable Me 2	Universal	Adventure
En solitaire		Adventure
"Ender's Game"	Lionsgate	Adventure
Song of the Sea	GKIDS	Adventure
The Taking of Tiger Mountain	Well Go USA	Adventure
Percy Jackson: Sea of Monsters	20th Century Fox	Adventure
Rocks in My Pockets	Zeitgeist	Adventure
The Hero of Color City	Magnolia Pictures	Adventure
Yellow Day	Self Distributed	Adventure
Xi you xiang mo pian	Magnolia Pictures	Adventure
"War of the World's Goliath"	Anderson Digital	Adventure
"Le roi et l'oiseau"	Rialto Pictures	Adventure
Canopy	Monterey Media	Adventure
Thunder and the House of Magic	Shout! Factory	Adventure
Ragnarok	Magnolia Pictures	Adventure
Star Wars Ep. VII: The Forc…	Walt Disney	Adventure
Inside Out	Walt Disney	Adventure
Minions	Universal	Adventure
Home	20th Century Fox	Adventure
Hotel Transylvania 2	Sony Pictures	Adventure
The SpongeBob Movie: Sponge…	Paramount Pictures	Adventure
San Andreas	Warner Bros.	Adventure
The Peanuts Movie	20th Century Fox	Adventure
The Good Dinosaur	Walt Disney	Adventure
Tomorrowland	Walt Disney	Adventure
Pixels	Sony Pictures	Adventure
Paddington	Weinstein Co.	Adventure
Paul Blart: Mall Cop 2	Sony Pictures	Adventure
Alvin and the Chipmunks: Th…	20th Century Fox	Adventure
Night at the Museum: Secret…	20th Century Fox	Adventure
Everest	Universal	Adventure
Max	Warner Bros.	Adventure
Pan	Warner Bros.	Adventure
The Hobbit: The Battle of t…	Warner Bros.	Adventure
A Walk in the Woods	Broad Green Pictures	Adventure
In the Heart of the Sea	Warner Bros.	Adventure
Project Almanac	Paramount Pictures	Adventure
Shaun the Sheep	Lionsgate	Adventure
Seventh Son	Universal	Adventure
Strange Magic	Walt Disney	Adventure
Back to the Future	Universal	Adventure
Big Hero 6	Walt Disney	Adventure
Penguins of Madagascar	20th Century Fox	Adventure
Un gallo con muchos huevos	Lionsgate	Adventure
Interstellar	Paramount Pictures	Adventure
Roar		Adventure
Astérix: Le domaine des dieux	Mongrel Media	Adventure
The Ghouls	China Lion Film D…	Adventure
"Alexander and the Terrible,…"	Walt Disney	Adventure
The Revenant	20th Century Fox	Adventure
The Polar Express	Warner Bros.	Adventure
The Book of Life	20th Century Fox	Adventure
Song of the Sea	GKIDS	Adventure
"Kahlil Gibran's The Prophet"	GKIDS	Adventure
Himalaya	CJ Entertainment	Adventure
The Boxtrolls	Focus Features	Adventure
Lang Tu Teng	Sony Pictures	Adventure
The Young and Prodigious T.…	Weinstein Co.	Adventure
The Taking of Tiger Mountain	Well Go USA	Adventure
Theeb	Film Movement	Adventure
Hell & Back	Freestyle Releasing	Adventure
O Menino e o Mundo	GKIDS	Adventure
Trash	Focus Features	Adventure
"Le roi et l'oiseau"	Rialto Pictures	Adventure
Patch Town	Kino Lorber	Adventure
