Meet-the-Parents	Universal	Comedy
Scary-Movie	Miramax/Dimension	Comedy
Nutty-Professor-II-The-Klumps	Universal	Comedy
Big-Mommas-House	20th Century Fox	Comedy
Kid-The	Walt Disney	Comedy
Road-Trip	Dreamworks SKG	Comedy
Bring-it-On	Universal	Comedy
Whole-Nine-Yards-The	Warner Bros.	Comedy
Next-Friday	New Line	Comedy
Miss-Congeniality	Warner Bros.	Comedy
Replacements-The	Warner Bros.	Comedy
Family-Man-The	Universal	Comedy
Little-Nicky-(2000)	New Line	Comedy
Bedazzled	20th Century Fox	Comedy
28-Days	Sony Pictures	Comedy
Hanging-Up	Sony Pictures	Comedy
Dude-Wheres-My-Car	20th Century Fox	Comedy
Almost-Famous	Dreamworks SKG	Comedy
High-Fidelity	Walt Disney	Comedy
Wonder-Boys	Paramount Pictures	Comedy
Deuce-Bigalow-Male-Gigolo	Walt Disney	Comedy
Small-Time-Crooks	Dreamworks SKG	Comedy
Best-in-Show	Warner Bros.	Comedy
Drowning-Mona	Destination Films	Comedy
Ladies-Man-The-(2000)	Paramount Pictures	Comedy
Crew-The	Walt Disney	Comedy
Ready-to-Rumble	Warner Bros.	Comedy
Saving-Grace	Fine Line	Comedy
Lucky-Numbers	Paramount Pictures	Comedy
3-Strikes	MGM	Comedy
Play-it-to-the-Bone	Walt Disney	Comedy
Screwed	Universal	Comedy
What-Planet-Are-You-From	Sony Pictures	Comedy
Where-the-Money-Is	USA Films	Comedy
Held-Up	Trimark	Comedy
East-is-East	Miramax	Comedy
Whipped	Destination Films	Comedy
Isnt-She-Great	Universal	Comedy
But-I-m-a-Cheerleader	Lionsgate	Comedy
O-Brother-Where-Art-Thou	Walt Disney	Comedy
Vie-Apres-L-Amour-La	Alliance Atlantis	Comedy
Broken-Hearts-Club-A-Romantic-Comedy-The	Sony Pictures Cla…	Comedy
Dogma	Lionsgate	Comedy
Gun-Shy	Walt Disney	Comedy
State-and-Main	Fine Line	Comedy
Groove	Sony Pictures Cla…	Comedy
Catfish-in-Black-Bean-Sauce	Phaedra Cinema	Comedy
Cup-The	Fine Line	Comedy
Simpatico	Phaedra Cinema	Comedy
New-Waterford-Girl	Alliance Atlantis	Comedy
Hard-Days-Night-A	Universal	Comedy
Superstar	Paramount Pictures	Comedy
Luminarias		Comedy
Smiling-Fish-and-Goat-on-Fire		Comedy
Psycho-Beach-Party		Comedy
Beautiful-People	Trimark	Comedy
Closer-You-Get-The		Comedy
Discreet-Charm-of-the-Bourgeoisie-The		Comedy
Big-Tease-The	Warner Bros.	Comedy
Buche-La	Empire Pictures	Comedy
Laura-Cadieux-La-Suite	Alliance Atlantis	Comedy
Agnes-Browne	USA Films	Comedy
Bedrooms-and-Hallways	First Run Features	Comedy
Adorenarin-doraibu	Shooting Gallery	Comedy
Blue-Moon	Castle Hill Produ…	Comedy
Diamonds	Miramax	Comedy
Everlasting-Piece-An	Dreamworks SKG	Comedy
Bouteille-La	Lionsgate	Comedy
Billy-Liar	Rialto Pictures	Comedy
Saragossa-Manuscript-The	Cowboy Pictures	Comedy
Bootmen	Fox Searchlight	Comedy
2-Manner-2-Frauen-4-Probleme		Comedy
30-Days	Arrow Releasing	Comedy
Aie		Comedy
Mookie-(France)-(1998)		Comedy
Convoyeurs-attendent-Les	Samuel Goldwyn Films	Comedy
Edge-of-Seventeen-(1999)	Strand	Comedy
Chutney-Popcorn	First Look	Comedy
Homme-Nu-L		Comedy
Better-Living		Comedy
American-Pie-2	Universal	Comedy
Princess-Diaries-The	Walt Disney	Comedy
Legally-Blonde	MGM	Comedy
Cats-and-Dogs	Warner Bros.	Comedy
Scary-Movie-2	Miramax/Dimension	Comedy
Down-to-Earth-(2001)	Paramount Pictures	Comedy
Miss-Congeniality	Warner Bros.	Comedy
Rat-Race	Paramount Pictures	Comedy
Animal-The	Sony Pictures	Comedy
Zoolander-(2001)	Paramount Pictures	Comedy
O-Brother-Where-Art-Thou	Walt Disney	Comedy
Bandits-(2001)	MGM	Comedy
Heartbreakers	MGM	Comedy
Evolution-(2001)	Dreamworks SKG	Comedy
Not-Another-Teen-Movie	Sony Pictures	Comedy
Family-Man-The	Universal	Comedy
Whats-the-Worst-That-Could-Happen	MGM	Comedy
Jay-and-Silent-Bob-Strike-Back	Miramax/Dimension	Comedy
Brothers-The	Sony Pictures	Comedy
Joe-Dirt	Sony Pictures	Comedy
How-High	Universal	Comedy
Corky-Romano	Walt Disney	Comedy
Kingdom-Come	Fox Searchlight	Comedy
Joe-Somebody	20th Century Fox	Comedy
Saving-Silverman	Sony Pictures	Comedy
Josie-and-the-Pussycats	Universal	Comedy
Freddy-Got-Fingered	20th Century Fox	Comedy
Out-Cold	Walt Disney	Comedy
Tomcats	Sony Pictures	Comedy
Sugar-and-Spice	New Line	Comedy
Dude-Wheres-My-Car	20th Century Fox	Comedy
Wash-The	Lionsgate	Comedy
Curse-of-the-Jade-Scorpion-The	Dreamworks SKG	Comedy
Placard-Le	Miramax	Comedy
Ghost-World	MGM	Comedy
Say-It-Isn-t-So	20th Century Fox	Comedy
Monkeybone	20th Century Fox	Comedy
State-and-Main	Fine Line	Comedy
Made	Artisan	Comedy
Pane-e-tulipani	First Look	Comedy
Bubble-Boy	Walt Disney	Comedy
Meet-the-Parents	Universal	Comedy
Just-Visiting	Walt Disney	Comedy
Tortilla-Soup	IDP Distribution	Comedy
Pootie-Tang	Paramount Pictures	Comedy
Monty-Python-and-the-Holy-Grail-(1975)		Comedy
Sidewalks-of-New-York	Paramount Vantage	Comedy
Escanaba-in-Da-Moonlight	Purple Rose Films	Comedy
Dish-The	Warner Bros.	Comedy
Gosford-Park	USA Films	Comedy
Novocaine	Artisan	Comedy
Best-in-Show	Warner Bros.	Comedy
Greenfingers	IDP Distribution	Comedy
Nuit-de-Noces	Seville	Comedy
Debut-The-(2001)	Menemsha Entertai…	Comedy
Together	IFC Films	Comedy
Les-Boys-3	Lionsgate	Comedy
Blow-Dry	Miramax	Comedy
Little-Nicky-(2000)	New Line	Comedy
Almost-Famous	Dreamworks SKG	Comedy
Hard-Days-Night-A	Universal	Comedy
Bedazzled	20th Century Fox	Comedy
Drole-de-Felix	WinStar Cinema	Comedy
Me-You-Them		Comedy
Wet-Hot-American-Summer		Comedy
High-Heels-and-Low-Lifes	Walt Disney	Comedy
Catfish-in-Black-Bean-Sauce	Phaedra Cinema	Comedy
Funny-Girl-(1968)	Columbia	Comedy
Fast-Food-Fast-Women		Comedy
About-Adam	Miramax	Comedy
Buche-La	Empire Pictures	Comedy
Company-Man		Comedy
Sordid-Lives	Regent Releasing	Comedy
Lisa-Picard-is-Famous		Comedy
101-ReykjavA-k		Comedy
Wonder-Boys	Paramount Pictures	Comedy
Hit-and-Runway		Comedy
Cienaga-La		Comedy
Beautiful-Creatures	Focus Features	Comedy
Broken-Hearts-Club-A-Romantic-Comedy-The	Sony Pictures Cla…	Comedy
Nationale-7		Comedy
Everlasting-Piece-An	Dreamworks SKG	Comedy
Born-Romantic	MGM	Comedy
Amy-(2001)		Comedy
Blue-Moon	Castle Hill Produ…	Comedy
Psycho-Beach-Party		Comedy
Rat-(2000)		Comedy
R2PC-Road-to-Park-City		Comedy
Geboren-in-Absurdistan		Comedy
Luminarias		Comedy
Aie		Comedy
Austin-Powers-in-Goldmember	New Line	Comedy
Mr-Deeds	Sony Pictures	Comedy
Sweet-Home-Alabama	Walt Disney	Comedy
Barbershop	MGM	Comedy
Divine-Secrets-of-the-Ya-Ya-Sisterhood-The	Warner Bros.	Comedy
Drumline	20th Century Fox	Comedy
Orange-County	Paramount Pictures	Comedy
Gosford-Park	USA Films	Comedy
Undercover-Brother	Universal	Comedy
Showtime	Warner Bros.	Comedy
Friday-After-Next	New Line	Comedy
Analyze-That	Warner Bros.	Comedy
Banger-Sisters-The	20th Century Fox	Comedy
Hot-Chick-The	Walt Disney	Comedy
New-Guy-The	Sony Pictures	Comedy
All-About-the-Benjamins-(2002)	New Line	Comedy
National-Lampoons-Van-Wilder	Artisan	Comedy
Super-Troopers	Fox Searchlight	Comedy
Punch-Drunk-Love	Sony Pictures	Comedy
Eight-Legged-Freaks	Warner Bros.	Comedy
Kung-Pow-Enter-the-Fist	20th Century Fox	Comedy
Stealing-Harvard	Sony Pictures	Comedy
Monsoon-Wedding	USA Films	Comedy
Juwanna-Man	Warner Bros.	Comedy
Sorority-Boys	Walt Disney	Comedy
Simone	New Line	Comedy
Importance-of-Being-Earnest-The	Miramax	Comedy
Big-Trouble	Walt Disney	Comedy
How-High	Universal	Comedy
Adaptation	Sony Pictures	Comedy
Real-Women-Have-Curves	Newmarket Films	Comedy
Slackers	Sony Pictures	Comedy
Igby-Goes-Down	MGM	Comedy
Italian-for-Beginners	Miramax	Comedy
Adventures-of-Pluto-Nash-The	Warner Bros.	Comedy
Men-with-Brooms	Artisan	Comedy
Mostly-Martha-(Drei-Sterne)	Paramount Vantage	Comedy
Joe-Somebody	20th Century Fox	Comedy
Tadpole	Miramax	Comedy
Not-Another-Teen-Movie	Sony Pictures	Comedy
Full-Frontal	Miramax	Comedy
Man-from-Elysian-Fields-The	Samuel Goldwyn Films	Comedy
Singles-Ward-The	Halestorm Enterta…	Comedy
My-Wife-is-an-Actress-(Ma-Femme-est-une-Actrice)	Sony Pictures Cla…	Comedy
Sordid-Lives	Regent Releasing	Comedy
Human-Nature	Fine Line	Comedy
Debut-The-(2001)	Menemsha Entertai…	Comedy
Son-of-the-Bride	Sony Pictures Cla…	Comedy
Charly	Excel Entertainment	Comedy
Welcome-to-Collinwood	Warner Bros.	Comedy
Elling		Comedy
Pumpkin	MGM	Comedy
Chateau-The	IFC Films	Comedy
Out-Cold	Walt Disney	Comedy
Corky-Romano	Walt Disney	Comedy
Monty-Python-and-the-Holy-Grail-(1975)		Comedy
Cherish	Fine Line	Comedy
Bartleby	Outrider Pictures	Comedy
American-Chai	Magic Lamp	Comedy
Producers-The-(1968)		Comedy
Bandits-(2001)	MGM	Comedy
Pane-e-tulipani	First Look	Comedy
Ghost-World	MGM	Comedy
Spooky-House		Comedy
God-is-Great-I-m-Not		Comedy
Manna-From-Heaven	Five Sisters Prod…	Comedy
Wash-The	Lionsgate	Comedy
Sidewalks-of-New-York	Paramount Vantage	Comedy
Lucky-Break	Paramount Pictures	Comedy
Cienaga-La		Comedy
Together	IFC Films	Comedy
All-the-Queens-Men	Strand	Comedy
Princess-Diaries-The	Walt Disney	Comedy
30-Years-to-Life		Comedy
Mesmerist-The		Comedy
Next-Big-Thing-The		Comedy
Zoolander-(2001)	Paramount Pictures	Comedy
Buche-La	Empire Pictures	Comedy
Phantom-of-Liberty-The		Comedy
Wetonkawa-Flash-The	Indican Pictures	Comedy
Drole-de-Felix	WinStar Cinema	Comedy
Secret-Society		Comedy
4th-Tenor-The		Comedy
Dead-or-Alive-(2002)		Comedy
Besotted	Artistic License	Comedy
Hit-and-Runway		Comedy
Bruce-Almighty	Universal	Comedy
Elf	New Line	Comedy
Anger-Management	Sony Pictures	Comedy
Bringing-Down-the-House	Walt Disney	Comedy
Freaky-Friday-(2003)	Walt Disney	Comedy
Scary-Movie-3	Miramax/Dimension	Comedy
American-Wedding	Universal	Comedy
Daddy-Day-Care	Sony Pictures	Comedy
Legally-Blonde-2-Red-White-and-Blonde	MGM	Comedy
Cheaper-by-the-Dozen-(2003)	20th Century Fox	Comedy
School-of-Rock	Paramount Pictures	Comedy
Old-School	Dreamworks SKG	Comedy
Under-the-Tuscan-Sun	Walt Disney	Comedy
Head-of-State	Dreamworks SKG	Comedy
Uptown-Girls	MGM	Comedy
Matchstick-Men	Warner Bros.	Comedy
What-a-Girl-Wants	Warner Bros.	Comedy
Malibus-Most-Wanted-(2003)	Warner Bros.	Comedy
Bend-it-Like-Beckham	Fox Searchlight	Comedy
Stuck-On-You	20th Century Fox	Comedy
Fighting-Temptations-The	Paramount Pictures	Comedy
Dumb-and-Dumberer-When-Harry-Met-Lloyd	New Line	Comedy
Dickie-Roberts-Former-Child-Star	Paramount Pictures	Comedy
In-Laws-The-(2003)	Warner Bros.	Comedy
Mighty-Wind-A	Warner Bros.	Comedy
Adaptation	Sony Pictures	Comedy
View-from-the-Top	Miramax	Comedy
Duplex	Miramax	Comedy
Mambo-Italiano	Goldwyn Entertain…	Comedy
Divorce-Le	Fox Searchlight	Comedy
Drumline	20th Century Fox	Comedy
Boat-Trip	Artisan	Comedy
Grande-Seduction-La	Odeon Films	Comedy
It-Runs-in-the-Family	MGM	Comedy
Calendar-Girls	Walt Disney	Comedy
Chasing-Papi	20th Century Fox	Comedy
Hot-Chick-The	Walt Disney	Comedy
Guru-The	Universal	Comedy
Pieces-of-April	MGM	Comedy
Marci-X	Paramount Pictures	Comedy
Camp	IFC Films	Comedy
Analyze-That	Warner Bros.	Comedy
Bubba-Ho-Tep	Vitagraph Films	Comedy
Sweet-Home-Alabama	Walt Disney	Comedy
R-M-The	Halestone	Comedy
Man-Without-a-Past-The	Sony Pictures Cla…	Comedy
Party-Monster-(2003)	ContentFilm	Comedy
Friday-After-Next	New Line	Comedy
Pere-et-Fils	Odeon Films	Comedy
Barbershop	MGM	Comedy
Real-Women-Have-Curves	Newmarket Films	Comedy
Manna-From-Heaven	Five Sisters Prod…	Comedy
Buffalo-Soldiers	Miramax	Comedy
Lawless-Heart-The		Comedy
Singing-Detective-The	Paramount Pictures	Comedy
Trip-The		Comedy
Annie-Brocoli-dans-les-fonds-marins		Comedy
Battle-of-Shaker-Heights-The	Miramax	Comedy
Foolproof		Comedy
Charly	Excel Entertainment	Comedy
Chaos	New Yorker	Comedy
Sordid-Lives	Regent Releasing	Comedy
Pride-and-Prejudice	Excel Entertainment	Comedy
Bon-Voyage-(1962)	Walt Disney	Comedy
Super-Sucker		Comedy
Ek-Aur-Ek-Gyarah	Eros Entertainment	Comedy
Green-Card-Fever		Comedy
Almost-Salinas		Comedy
Woman-is-a-Woman-A		Comedy
Igby-Goes-Down	MGM	Comedy
Babi-leto	First Look	Comedy
30-Years-to-Life		Comedy
Tadpole	Miramax	Comedy
Modern-Times	Kino International	Comedy
Monty-Python-and-the-Holy-Grail-(1975)		Comedy
Man-from-Elysian-Fields-The	Samuel Goldwyn Films	Comedy
Hotel		Comedy
Teknolust		Comedy
18-ans-apres		Comedy
Nine-Dead-Gay-Guys	TLA Releasing	Comedy
Mostly-Martha-(Drei-Sterne)	Paramount Vantage	Comedy
Anarchist-Cookbook-The	Innovation Film G…	Comedy
Martin-and-Orloff	Spit and Glue	Comedy
Work-and-the-Story-The	Off-Hollywood Dis…	Comedy
Da-wan	Sony Pictures Cla…	Comedy
Producers-The-(1968)		Comedy
Meet-the-Fockers	Universal	Comedy
Dodgeball-A-True-Underdog-Story	20th Century Fox	Comedy
Starsky-and-Hutch	Warner Bros.	Comedy
Mean-Girls	Paramount Pictures	Comedy
Anchorman-The-Legend-of-Ron-Burgundy	Dreamworks SKG	Comedy
Christmas-with-the-Kranks	Sony Pictures	Comedy
White-Chicks	Sony Pictures	Comedy
Barbershop-2-Back-in-Business	MGM	Comedy
Without-a-Paddle-(2004)	Paramount Pictures	Comedy
Cheaper-by-the-Dozen-(2003)	20th Century Fox	Comedy
Napoleon-Dynamite	Fox Searchlight	Comedy
Raising-Helen	Walt Disney	Comedy
Eternal-Sunshine-of-the-Spotless-Mind	Focus Features	Comedy
Fat-Albert	20th Century Fox	Comedy
Team-America-World-Police	Paramount Pictures	Comedy
Johnson-Family-Vacation	Fox Searchlight	Comedy
Spanglish	Sony Pictures	Comedy
Confessions-of-a-Teenage-Drama-Queen	Walt Disney	Comedy
Jersey-Girl	Miramax	Comedy
Calendar-Girls	Walt Disney	Comedy
Ella-Enchanted	Miramax	Comedy
Mr-3000	Walt Disney	Comedy
Life-of-Brian-(UK)-(1979)	Warner Bros.	Comedy
Harold-and-Kumar-Go-to-White-Castle	New Line	Comedy
Eurotrip	Dreamworks SKG	Comedy
My-Babys-Daddy	Miramax	Comedy
Whole-Ten-Yards-The	Warner Bros.	Comedy
Life-Aquatic-with-Steve-Zissou-The	Walt Disney	Comedy
Welcome-to-Mooseport	20th Century Fox	Comedy
New-York-Minute	Warner Bros.	Comedy
Soul-Plane	MGM	Comedy
Shaun-of-the-Dead	Focus/Rogue Pictures	Comedy
Alfie-(2004)	Paramount Pictures	Comedy
I-Heart-Huckabees	Fox Searchlight	Comedy
Cookout-The	Lionsgate	Comedy
Surviving-Christmas	Dreamworks SKG	Comedy
Perfect-Score-The	Paramount Pictures	Comedy
Saved	MGM	Comedy
Connie-and-Carla	Universal	Comedy
Big-Bounce-The	Warner Bros.	Comedy
Club-Dread	Fox Searchlight	Comedy
Day-Without-a-Mexican-A	Televisa Cine	Comedy
Good-Bye-Lenin	Sony Pictures Cla…	Comedy
Camping-Sauvage	Alliance Atlantis	Comedy
Stuck-On-You	20th Century Fox	Comedy
Elf	New Line	Comedy
Bon-Voyage	Sony Pictures	Comedy
Dans-une-galaxie-pres-de-chez-vous-Le-film	Distributor Unknown	Comedy
Coffee-and-Cigarettes	MGM	Comedy
Grande-Seduction-La	Odeon Films	Comedy
Dirty-Shame-A	Fine Line	Comedy
Best-Two-Years-The	Halestorm Enterta…	Comedy
School-of-Rock	Paramount Pictures	Comedy
Bright-Young-Things	ThinkFilm	Comedy
Intermission	IFC Films	Comedy
Shaolin-Soccer	Miramax	Comedy
Last-Shot-The	Walt Disney	Comedy
Scary-Movie-3	Miramax/Dimension	Comedy
National-Lampoons-Gold-Diggers	P&A Releasing	Comedy
How-to-Get-the-Mans-Foot-Outta-Your-Ass	Sony Pictures Cla…	Comedy
She-Hate-Me	Sony Pictures	Comedy
Kitchen-Stories	IFC Films	Comedy
Hair-Show	Innovation Film G…	Comedy
Under-the-Tuscan-Sun	Walt Disney	Comedy
Novios-bulgaros-Los	TLA Releasing	Comedy
Wilbur-Wants-to-Kill-Himself	ThinkFilm	Comedy
In-Good-Company	Universal	Comedy
Remember-Me-My-Love	IDP Distribution	Comedy
Pride-and-Prejudice	Excel Entertainment	Comedy
Tais-Toi		Comedy
Home-Teachers-The	Halestorm Enterta…	Comedy
Danny-Deckchair	Lionsgate	Comedy
Two-Men-Went-to-War	Indican Pictures	Comedy
Baptists-At-Our-Barbecue	Film Movement	Comedy
Pieces-of-April	MGM	Comedy
Lost-Skeleton-of-Cadavra-The		Comedy
Hulchul		Comedy
Ha-Kochavim-Shel-Shlomi	Strand	Comedy
Modern-Times	Kino International	Comedy
Annie-Brocoli-dans-les-fonds-marins		Comedy
My-Mother-Likes-Women	Norador Productions	Comedy
Seagulls-Laughter-The	Cinema Guild	Comedy
Hollywood-Buddha	Northern Arts Ent…	Comedy
Eulogy	Artisan	Comedy
Cachorro	TLA Releasing	Comedy
Couple-epatant-Un	Magnolia Pictures	Comedy
Freaky-Friday-(2003)	Walt Disney	Comedy
Justice-(2004)	Jujitsu Films	Comedy
Vodka-Lemon	New Yorker	Comedy
Sex-is-Comedy	IFC Films	Comedy
Showboy	Regent Releasing	Comedy
Cowboys-and-Angels	TLA Releasing	Comedy
Last-Life-in-the-Universe		Comedy
Chooch	Artistic License	Comedy
Raspberry-Reich-The	Strand	Comedy
Bubba-Ho-Tep	Vitagraph Films	Comedy
Foreign-Affair-A	Innovation Film G…	Comedy
Fish-Without-a-Bicycle-A	Newmark/Echelon Ent.	Comedy
Fear-and-Trembling	Cinema Guild	Comedy
Frankie-and-Johnny-Are-Married	IFC Films	Comedy
Dopo-mezzanotte	Avatar	Comedy
Martin-and-Orloff	Spit and Glue	Comedy
Merci-Docteur-Rey	Regent Releasing	Comedy
Straight-Jacket	Regent Releasing	Comedy
You-I-Love-(Ya-lyublu-tebya)	Picture This Ente…	Comedy
Off-the-Lip	Hannover House	Comedy
Party-Monster-(2003)	ContentFilm	Comedy
Singing-Detective-The	Paramount Pictures	Comedy
Wasabi-Tuna	Indican Pictures	Comedy
Work-and-the-Story-The	Off-Hollywood Dis…	Comedy
My-Wife-Maurice	TLA Releasing	Comedy
Stella-Street	Strand	Comedy
Green-Butchers-The	Newmarket Films	Comedy
Manna-From-Heaven	Five Sisters Prod…	Comedy
Nine-Dead-Gay-Guys	TLA Releasing	Comedy
Babi-leto	First Look	Comedy
What-Boys-Like		Comedy
800-balas	TLA Releasing	Comedy
Wedding-Crashers	New Line	Comedy
Longest-Yard-The-(2005)	Paramount Pictures	Comedy
Meet-the-Fockers	Universal	Comedy
Pacifier-The	Walt Disney	Comedy
40-Year-old-Virgin-The	Universal	Comedy
Monster-in-Law-(2005)	New Line	Comedy
Dukes-of-Hazzard-The	Warner Bros.	Comedy
Guess-Who	Sony Pictures	Comedy
Bewitched	Sony Pictures	Comedy
Fun-With-Dick-And-Jane	Sony Pictures	Comedy
Be-Cool	MGM	Comedy
Kicking-and-Screaming-(2005)	Universal	Comedy
Yours-Mine-and-Ours-(2005)	Paramount Pictures	Comedy
Miss-Congeniality-2-Armed-and-Fabulous	Warner Bros.	Comedy
In-Good-Company	Universal	Comedy
Family-Stone-The	20th Century Fox	Comedy
Beauty-Shop	MGM	Comedy
Bad-News-Bears-The-(2005)	Paramount Pictures	Comedy
Because-of-Winn-Dixie	20th Century Fox	Comedy
Rumor-Has-It	Warner Bros.	Comedy
Ice-Princess	Walt Disney	Comedy
Deuce-Bigalow-European-Gigolo	Sony Pictures	Comedy
Ringer-The	Fox Searchlight	Comedy
Man-of-the-House-(2005)	Sony Pictures	Comedy
Roll-Bounce	Fox Searchlight	Comedy
Rebound	20th Century Fox	Comedy
Waiting	Lionsgate	Comedy
Fat-Albert	20th Century Fox	Comedy
Honeymooners-The	Paramount Pictures	Comedy
Spanglish	Sony Pictures	Comedy
In-the-Mix	Lionsgate	Comedy
Life-Aquatic-with-Steve-Zissou-The	Walt Disney	Comedy
Man-The	New Line	Comedy
Millions	Fox Searchlight	Comedy
Aristocrats-The	ThinkFilm	Comedy
Kiss-Kiss-Bang-Bang	Warner Bros.	Comedy
Kings-Ransom	New Line	Comedy
Me-and-You-and-Everyone-We-Know	IFC Films	Comedy
Melinda-and-Melinda	Fox Searchlight	Comedy
Vacilon-The-Movie-El	Freestyle Releasing	Comedy
Salaam-Namaste	Yash Raj Films	Comedy
Thumbsucker	Sony Pictures Cla…	Comedy
Saving-Face	Sony Pictures Cla…	Comedy
Apres-vous	Paramount Vantage	Comedy
Thing-About-My-Folks-The	Picturehouse	Comedy
Saint-Ralph	Samuel Goldwyn Films	Comedy
No-Entry	Eros Entertainment	Comedy
Christmas-with-the-Kranks	Sony Pictures	Comedy
Schultze-Gets-the-Blues	Paramount Vantage	Comedy
Bluff-Master	UTV Communications	Comedy
Mrs-Henderson-Presents	Weinstein Co.	Comedy
Mobsters-and-Mormons	Halestorm Enterta…	Comedy
Wake-in-Providence-A	Indican Pictures	Comedy
Shaadi-No-1	Eros Entertainment	Comedy
Pretty-Persuasion	Samuel Goldwyn Films	Comedy
Christmas-in-the-Clouds	Slowhand Cinema	Comedy
Up-and-Down	Sony Pictures Cla…	Comedy
Ninas-Tragedies	WellSpring	Comedy
Down-and-Derby	Freestyle Releasing	Comedy
Lost-Embrace-(El-Abrazo-Partido)	New Yorker	Comedy
I-Heart-Huckabees	Fox Searchlight	Comedy
Uncle-Nino	Lange	Comedy
Eating-Out	Ariztical Enterta…	Comedy
Dirty-Deeds	Freestyle Releasing	Comedy
Boys-and-Girl-from-County-Clare-The	First Look	Comedy
Cote-d-Azur	Strand	Comedy
Napoleon-Dynamite	Fox Searchlight	Comedy
5x2	ThinkFilm	Comedy
Garcon-Stupide	Picture This Ente…	Comedy
Sons-of-Provo	Halestorm Enterta…	Comedy
Fear-and-Trembling	Cinema Guild	Comedy
Ek-Khiladi-Ek-Haseena	Eros Entertainment	Comedy
Torremolinos-73	First Run Features	Comedy
Funny-Ha-Ha	Goodbye Cruel Rel…	Comedy
Syrian-Bride-The	Koch Lorber Films	Comedy
Talent-Given-Us-The	Vitagraph Films	Comedy
Mail-Order-Wife	First Independent…	Comedy
Dorian-Blues	TLA Releasing	Comedy
Home-Delivery	Eros Entertainment	Comedy
Vieil-homme-et-l-enfant-Le-(France)	Cinema V	Comedy
Without-a-Paddle-(2004)	Paramount Pictures	Comedy
Blackball	First Look	Comedy
Never-Been-Thawed	Indican Pictures	Comedy
Manna-From-Heaven	Five Sisters Prod…	Comedy
You-I-Love-(Ya-lyublu-tebya)	Picture This Ente…	Comedy
Baptists-At-Our-Barbecue	Film Movement	Comedy
Margaret-Cho-Assassin	Regent Releasing	Comedy
Grand-Role-Le	First Run Features	Comedy
Jiminy-Glick-in-Lalawood	MGM	Comedy
Dirty-Love	First Look	Comedy
Cachorro	TLA Releasing	Comedy
Kamikaze-Girls	Viz Pictures	Comedy
Straight-Jacket	Regent Releasing	Comedy
Dopo-mezzanotte	Avatar	Comedy
Wasabi-Tuna	Indican Pictures	Comedy
Ellie-Parker	Strand	Comedy
National-Lampoons-Barely-Legal	Sony Pictures	Comedy
Sequins	New Yorker	Comedy
Vodka-Lemon	New Yorker	Comedy
Cape-of-Good-Hope	Artistic License	Comedy
Drivers-Wanted	Indican Pictures	Comedy
Team-America-World-Police	Paramount Pictures	Comedy
Sex-Politics-and-Cocktails	Regent Releasing	Comedy
Screen-Door-Jesus	Indican Pictures	Comedy
Bigger-Than-the-Sky	MGM	Comedy
Reception-The	Strand	Comedy
Grande-Seduction-La	Odeon Films	Comedy
Night-of-Henna	Illuminare	Comedy
Jigureul-Jikyeora-(Save-the-Green-Planet-)	Koch Lorber Films	Comedy
Formula-17	Strand	Comedy
CSA-The-Confederate-States-of-America	IFC Films	Comedy
Tale-of-Two-Pizzas-A	Cockeyed Caravan	Comedy
Duane-Hopwood	IFC Films	Comedy
Go-For-Zucker	First Run Features	Comedy
Halfway-House-Christmas-A	Lumpy Rock	Comedy
All-Babes-Want-to-Kill-Me	High Cotton Films	Comedy
Winning-Girls-Through-Psychic-Mind-Control	Psychic Girls	Comedy
One-More-Round	Silver Plane Films	Comedy
Alfie-(2004)	Paramount Pictures	Comedy
My-Big-Fat-Independent-Movie	Big Fat Movies	Comedy
Helix-Loaded-The	Romar	Comedy
Hole-in-My-Heart-A	Newmarket Films	Comedy
I-Love-Your-Work	ThinkFilm	Comedy
Sex-is-Comedy	IFC Films	Comedy
Sex-Sells-The-Making-of-Touche	HB Filmworks	Comedy
Two-Men-Went-to-War	Indican Pictures	Comedy
Raspberry-Reich-The	Strand	Comedy
Spooky-House		Comedy
Talladega-Nights-The-Ballad-of-Ricky-Bobby	Sony Pictures	Comedy
Click	Sony Pictures	Comedy
Borat	20th Century Fox	Comedy
Devil-Wears-Prada-The	20th Century Fox	Comedy
Scary-Movie-4-(2006)	Weinstein/Dimension	Comedy
Nacho-Libre	Paramount Pictures	Comedy
You-Me-and-Dupree	Universal	Comedy
Big-Mommas-House-2	20th Century Fox	Comedy
Tyler-Perrys-Madeas-Family-Reunion	Lionsgate	Comedy
Shaggy-Dog-The-(2006)	Walt Disney	Comedy
Benchwarmers-The	Sony Pictures	Comedy
Little-Miss-Sunshine	Fox Searchlight	Comedy
Little-Man	Sony Pictures	Comedy
Fun-With-Dick-And-Jane	Sony Pictures	Comedy
Date-Movie	20th Century Fox	Comedy
Stranger-Than-Fiction	Sony Pictures	Comedy
Last-Holiday	Paramount Pictures	Comedy
Man-of-the-Year	Universal	Comedy
Accepted	Universal	Comedy
Deck-the-Halls	20th Century Fox	Comedy
Employee-of-the-Month-(2006)	Lionsgate	Comedy
Stick-It	Walt Disney	Comedy
Clerks-II	MGM	Comedy
ATL	Warner Bros.	Comedy
Prairie-Home-Companion-A	Picturehouse	Comedy
Beerfest	Warner Bros.	Comedy
Aquamarine	20th Century Fox	Comedy
Rumor-Has-It	Warner Bros.	Comedy
School-for-Scoundrels	MGM	Comedy
Family-Stone-The	20th Century Fox	Comedy
Larry-the-Cable-Guy-Health-Inspector	Lionsgate	Comedy
Ringer-The	Fox Searchlight	Comedy
Friends-with-Money	Sony Pictures Cla…	Comedy
Bon-Cop-Bad-Cop	Alliance Atlantis	Comedy
Material-Girls	MGM	Comedy
Mrs-Henderson-Presents	Weinstein Co.	Comedy
Tenacious-D-in-The-Pick-of-Destiny	New Line	Comedy
Running-With-Scissors	Sony Pictures	Comedy
Grandmas-Boy	20th Century Fox	Comedy
For-Your-Consideration	Warner Independent	Comedy
Volver	Sony Pictures Cla…	Comedy
Science-des-reves-La	Warner Independent	Comedy
Lets-Go-to-Prison	Universal	Comedy
Keeping-Up-with-the-Steins	Miramax	Comedy
Van-Wilder-Deux-The-Rise-of-Taj	MGM	Comedy
Trailer-Park-Boys-The-Movie	Alliance Atlantis	Comedy
Art-School-Confidential	Sony Pictures Cla…	Comedy
Yours-Mine-and-Ours-(2005)	Paramount Pictures	Comedy
Secret-de-ma-Mere-Le	Alliance Atlantis	Comedy
Lage-Raho-Munna-Bhai	Eros Entertainment	Comedy
Strangers-with-Candy	ThinkFilm	Comedy
History-Boys-The	Fox Searchlight	Comedy
Shortbus	ThinkFilm	Comedy
Kinky-Boots	Miramax	Comedy
Keeping-Mum	ThinkFilm	Comedy
Trust-the-Man	Fox Searchlight	Comedy
Tristram-Shandy-A-Cock-and-Bull-Story	Picturehouse	Comedy
Looking-for-Comedy-in-the-Muslim-World	Warner Independent	Comedy
CSA-The-Confederate-States-of-America	IFC Films	Comedy
Another-Gay-Movie	TLA Releasing	Comedy
Bhagam-Bhag	Rainbow Releasing	Comedy
Artie-Langes-Beer-League	Freestyle Releasing	Comedy
Church-Ball	Halestone	Comedy
Idiocracy	20th Century Fox	Comedy
When-Do-We-Eat	ThinkFilm	Comedy
Preaching-to-the-Choir	Innovation Film G…	Comedy
Conversations-with-Other-Women	Fabrication Films	Comedy
Chup-Chup-Ke	UTV Communications	Comedy
Syrian-Bride-The	Koch Lorber Films	Comedy
Kabul-Express	Yash Raj Films	Comedy
Moustache-La	Cinema Guild	Comedy
Wassup-Rockers	First Look	Comedy
Malamaal-Weekly	Rainbow Releasing	Comedy
Puffy-Chair-The	IDP/Goldwyn/Roadside	Comedy
Lonesome-Jim	IFC Films	Comedy
Mostly-Unfabulous-Social-Life-of-Ethan-Green-The	Regent Releasing	Comedy
Pyare-Mohan	Eros Entertainment	Comedy
Temporada-de-patos	Warner Independent	Comedy
Queens	Regent Releasing	Comedy
Bluff-Master	UTV Communications	Comedy
Game-6	Kindred Media Group	Comedy
Groomsmen-The	Bauer Martinez	Comedy
I-Am-a-Sex-Addict	IFC First Take	Comedy
Mutual-Appreciation	Goodbye Cruel Rel…	Comedy
Wondrous-Oblivion	Palm Pictures	Comedy
Suits-on-the-Loose	Halestone	Comedy
Go-For-Zucker	First Run Features	Comedy
Lu-cao-di	First Run Features	Comedy
Anthony-Kaun-Hai	AdLab Films	Comedy
Kalamazoo	Reel Source	Comedy
Manner-wie-wir	Regent Releasing	Comedy
Blossoming-of-Maximo-Oliveros-The	Unico Entertainment	Comedy
Garcon-Stupide	Picture This Ente…	Comedy
Mozart-and-the-Whale		Comedy
Kiss-Kiss-Bang-Bang	Warner Bros.	Comedy
Eating-Out-2-Sloppy-Seconds	Artiztical Entert…	Comedy
Screen-Door-Jesus	Indican Pictures	Comedy
Film-Geek	First Run Features	Comedy
Aristocrats-The	ThinkFilm	Comedy
Wasabi-Tuna	Indican Pictures	Comedy
Dorian-Blues	TLA Releasing	Comedy
Blackballed-The-Bobby-Dukes-Story	The 7th Floor	Comedy
Crazy-Like-a-Fox	Sky Island	Comedy
Familia-rodante	Palm Pictures	Comedy
Wake-in-Providence-A	Indican Pictures	Comedy
Ellie-Parker	Strand	Comedy
20-centimetros	TLA Releasing	Comedy
Say-Uncle	TLA Releasing	Comedy
Tollbooth-The-(2006)	Castle Hill Produ…	Comedy
Slow-Jam-King	Unico Entertainment	Comedy
Simon-(2006)	Strand	Comedy
Roll-Bounce	Fox Searchlight	Comedy
Dog-Lovers-Symphony	Self Distributed	Comedy
Alien-Autopsy	Warner Independent	Comedy
Surfer-King-The	"Movin' Picture St…"	Comedy
Long-Weekend-The	Gold Circle Films	Comedy
Cote-d-Azur	Strand	Comedy
Doing-Time-for-Patsy-Cline	Oilrag Productions	Comedy
Inconscientes	Regent Releasing	Comedy
Issues	Bullz Eye	Comedy
Uncut	Strand	Comedy
Wild-Hogs	Walt Disney	Comedy
Superbad	Sony Pictures	Comedy
I-Now-Pronounce-You-Chuck-and-Larry	Universal	Comedy
Blades-of-Glory	Paramount Pictures	Comedy
Evan-Almighty	Universal	Comedy
Norbit	Paramount Pictures	Comedy
Game-Plan-The	Walt Disney	Comedy
Fred-Claus	Warner Bros.	Comedy
Why-Did-I-Get-Married-(2007)	Lionsgate	Comedy
Are-We-Done-Yet	Sony Pictures	Comedy
Epic-Movie	20th Century Fox	Comedy
Smokin-Aces	Universal	Comedy
Balls-of-Fury	Focus Features	Comedy
Juno	Fox Searchlight	Comedy
Mr-Magoriums-Wonder-Emporium	20th Century Fox	Comedy
Nanny-Diaries-The	MGM	Comedy
Mr-Woodcock	New Line	Comedy
Hot-Fuzz	Focus Features	Comedy
Reno-911-Miami	20th Century Fox	Comedy
Walk-Hard-The-Dewey-Cox-Story-(2017)	Sony Pictures	Comedy
Hot-Rod	Paramount Pictures	Comedy
Firehouse-Dog	20th Century Fox	Comedy
Comebacks-The	20th Century Fox	Comedy
Daddy-Day-Camp	Sony Pictures	Comedy
Sydney-White	Universal	Comedy
In-the-Land-of-Women	Warner Bros.	Comedy
Bratz	Lionsgate	Comedy
Death-at-a-Funeral	MGM	Comedy
Volver	Sony Pictures Cla…	Comedy
Code-Name-The-Cleaner	New Line	Comedy
Delta-Farce	Lionsgate	Comedy
Lars-and-the-Real-Girl	MGM	Comedy
Whos-Your-Caddy	MGM	Comedy
Kickin-It-Old-Skool	Yari Film Group R…	Comedy
Deux-jours-a-Paris	Samuel Goldwyn Films	Comedy
Borat	20th Century Fox	Comedy
Doublure-La	Sony Pictures Cla…	Comedy
Avenue-Montaigne	ThinkFilm	Comedy
Mon-meilleur-ami	IFC Films	Comedy
Heyy-Babyy	Eros Entertainment	Comedy
Age-des-Tenebres-L		Comedy
Bhool-Bhulaiyaa	Eros Entertainment	Comedy
Ma-Tante-Aline	Alliance Atlantis	Comedy
Brothers-Solomon-The	Sony Pictures	Comedy
Bucket-List-The	Warner Bros.	Comedy
Ta-Ra-Rum-Pum	Yash Raj Films	Comedy
History-Boys-The	Fox Searchlight	Comedy
Ten-The	ThinkFilm	Comedy
Rocket-Science	Picturehouse	Comedy
Jhoom-Barabar-Jhoom	Yash Raj Films	Comedy
Moliere	Sony Pictures Cla…	Comedy
Romance-and-Cigarettes	Borotoro	Comedy
Wristcutters-A-Love-Story	Autonomous Films	Comedy
Little-Miss-Sunshine	Fox Searchlight	Comedy
Mafioso	Rialto Pictures	Comedy
Deck-the-Halls	20th Century Fox	Comedy
Ten-Canoes	Palm Pictures	Comedy
Bhagam-Bhag	Rainbow Releasing	Comedy
Rules-of-the-Game-The		Comedy
TV-Set-The	ThinkFilm	Comedy
Eagle-vs-Shark	Miramax	Comedy
Ira-and-Abby	Magnolia Pictures	Comedy
I-Want-Someone-To-Eat-Cheese-With	IFC Films	Comedy
Offside-(2006)	Sony Pictures Cla…	Comedy
Hollywood-Dreams	Rainbow Releasing	Comedy
Dhamaal	Shemaroo Entertai…	Comedy
Outsourced	Lantern Lane Ente…	Comedy
Salon-The	Freestyle Releasing	Comedy
Severance	Magnolia Pictures	Comedy
For-Your-Consideration	Warner Independent	Comedy
Wendell-Baker-Story-The	ThinkFilm	Comedy
Tortilla-Heaven	Wildcat Releasing	Comedy
Return-with-Honor-A-Missionary-Homecoming-(2006)	Excel Entertainment	Comedy
Dialogue-avec-mon-jardinier		Comedy
Fost-sau-n-a-fost-A	Tartan Films	Comedy
Delirious-(2007)	Peace Arch Releasing	Comedy
Colour-Me-Kubrick-A-Trueish-Story	Magnolia Pictures	Comedy
Inconscientes	Regent Releasing	Comedy
Diggers	Magnolia Pictures	Comedy
Shortbus	ThinkFilm	Comedy
Finishing-the-Game	IFC First Take	Comedy
Direktoren-for-det-hele	IFC Films	Comedy
Fakers	Indican Pictures	Comedy
Two-Weeks	MGM	Comedy
Randy-and-the-Mob	IFC Films	Comedy
Queens	Regent Releasing	Comedy
Moving-McAllister	First Independent…	Comedy
Secret-de-ma-Mere-Le	Alliance Atlantis	Comedy
Monkey-Warfare	Odeon Films	Comedy
Kabul-Express	Yash Raj Films	Comedy
Hood-of-Horror		Comedy
Cashback	Magnolia Pictures	Comedy
Great-World-of-Sound	Magnolia Pictures	Comedy
Sing-Now-or-Forever-Hold-Your-Peace	Strand	Comedy
Dirty-Laundry	The Bigger Picture	Comedy
Iceberg-L	First Run Features	Comedy
Everythings-Gone-Green	First Independent…	Comedy
Itty-Bitty-Titty-Committee	Pocket Releasing	Comedy
Hei-Wong-Ji-Wong		Comedy
City-Lights	United Artists	Comedy
7-dias	Xenon Pictures	Comedy
Amateurs-The	Bauer Martinez	Comedy
Keeping-Mum	ThinkFilm	Comedy
Full-of-It	New Line	Comedy
Cut-Sleeve-Boys	Regent Releasing	Comedy
Buddha-Mar-Gaya	Eros Entertainment	Comedy
Live-Free-or-Die	ThinkFilm	Comedy
Mutual-Appreciation	Goodbye Cruel Rel…	Comedy
Eating-Out-2-Sloppy-Seconds	Artiztical Entert…	Comedy
Ill-Believe-You	Stand Up Films	Comedy
Whole-New-Thing	Picture This Ente…	Comedy
Freshman-Orientation	Regent Releasing	Comedy
Van-Wilder-Deux-The-Rise-of-Taj	MGM	Comedy
Sasquatch-Gang-The	Screen Media Films	Comedy
Smiley-Face	First Look	Comedy
Fat-Girls	Regent Releasing	Comedy
Closing-Escrow	Magnolia Pictures	Comedy
Ninas-Heavenly-Delights	Regent Releasing	Comedy
Weirdsville	Magnolia Pictures	Comedy
And-Then-Came-Love	Fox Meadow	Comedy
Iron-Man-The	Iron Man Distr	Comedy
Blonde-Ambition	First Look	Comedy
Slipstream	Strand	Comedy
Hatsujo-kateikyoshi-sensei-no-aijiru	Palm Pictures	Comedy
Inner-Life-of-Martin-Frost-The	New Yorker	Comedy
Raising-Flagg	Cinema Libre	Comedy
Cop-the-Criminal-and-the-Clown-The	Lonely Seal Relea…	Comedy
I-m-Reed-Fish	Screen Media Films	Comedy
Funny-Money	ThinkFilm	Comedy
Niwemang	Strand	Comedy
Believe-(2006)	Kaleidoscope Pict…	Comedy
Adams-Apples	Outsider	Comedy
Strakarnir-okkar	Regent Releasing	Comedy
Flakes	IFC Films	Comedy
Lu-cao-di	First Run Features	Comedy
Sex-and-the-City	Warner Bros.	Comedy
Get-Smart	Warner Bros.	Comedy
Four-Christmases	Warner Bros.	Comedy
Juno	Fox Searchlight	Comedy
Tropic-Thunder	Paramount Pictures	Comedy
Marley-and-Me	20th Century Fox	Comedy
Step-Brothers	Sony Pictures	Comedy
You-Don-t-Mess-With-the-Zohan	Sony Pictures	Comedy
Bucket-List-The	Warner Bros.	Comedy
Pineapple-Express	Sony Pictures	Comedy
Yes-Man	Warner Bros.	Comedy
Role-Models	Universal	Comedy
Baby-Mama	Universal	Comedy
House-Bunny-The	Sony Pictures	Comedy
Welcome-Home-Roscoe-Jenkins	Universal	Comedy
Meet-the-Browns	Lionsgate	Comedy
Meet-the-Spartans	20th Century Fox	Comedy
Harold-and-Kumar-Escape-from-Guantanamo-Bay	Warner Bros.	Comedy
First-Sunday-(2008)	Sony Pictures	Comedy
Family-That-Preys-The	Lionsgate	Comedy
Semi-Pro	New Line	Comedy
Drillbit-Taylor	Paramount Pictures	Comedy
Love-Guru-The	Paramount Pictures	Comedy
Zack-and-Miri-Make-a-Porno	Weinstein Co.	Comedy
Women-The-(2008)	Picturehouse	Comedy
Superhero-Movie	MGM	Comedy
Vicky-Cristina-Barcelona	MGM	Comedy
Mad-Money	Overture Films	Comedy
Swing-Vote	Walt Disney	Comedy
Disaster-Movie	Lionsgate	Comedy
Miss-Pettigrew-Lives-for-a-Day	Focus Features	Comedy
Soul-Men	MGM	Comedy
Be-Kind-Rewind	New Line	Comedy
Visitor-The	Overture Films	Comedy
Sex-Drive	Summit Entertainment	Comedy
Over-Her-Dead-Body	New Line	Comedy
Nothing-Like-the-Holidays	Overture Films	Comedy
American-Carol-An	Vivendi Entertain…	Comedy
Strange-Wilderness	Paramount Vantage	Comedy
Rocker-The	20th Century Fox	Comedy
Run-Fatboy-Run	Picturehouse	Comedy
Hamlet-2	Focus Features	Comedy
College-(2008)	MGM	Comedy
Witless-Protection	Lionsgate	Comedy
Charlie-Bartlett	MGM	Comedy
Cruising-Bar-2		Comedy
Happy-Go-Lucky	Miramax	Comedy
Bikur-Ha-Tizmoret-(2008)	Sony Pictures Cla…	Comedy
Choke	Fox Searchlight	Comedy
How-to-Lose-Friends-and-Alienate-People	MGM	Comedy
Hors-de-Prix	Samuel Goldwyn Films	Comedy
Wackness-The	Sony Pictures Cla…	Comedy
Dans-une-galaxie-pres-de-chez-vous-2		Comedy
Henry-Poole-Is-Here	Overture Films	Comedy
Son-of-Rambow-A-Home-Movie	Paramount Vantage	Comedy
Bienvenue-chez-les-Ch-tis		Comedy
Game-Plan-The	Walt Disney	Comedy
What-Just-Happened	Magnolia Pictures	Comedy
Walk-Hard-The-Dewey-Cox-Story-(2017)	Sony Pictures	Comedy
Mr-Magoriums-Wonder-Emporium	20th Century Fox	Comedy
Beer-for-My-Horses	Roadside Attractions	Comedy
Fred-Claus	Warner Bros.	Comedy
Jaane-Tu-Ya-Jaane-Na	UTV Communications	Comedy
Krazzy-4	Eros Entertainment	Comedy
JCVD	Peace Arch Releasing	Comedy
Hammer-The-(2008)	Hammer the Movie	Comedy
Promotion-The	Weinstein Co.	Comedy
Everybody-Wants-to-Be-Italian	Roadside Attractions	Comedy
Teeth	Roadside Attractions	Comedy
Golmaal-Returns	Studio 18	Comedy
Age-des-Tenebres-L		Comedy
One-Two-Three-(2008)	Eros Entertainment	Comedy
Chaos-Theory	Warner Bros.	Comedy
Foot-Fist-Way-The	Paramount Vantage	Comedy
Sixty-Six	First Independent…	Comedy
Lars-and-the-Real-Girl	MGM	Comedy
Mister-Lonely	IFC Films	Comedy
God-Tussi-Great-Ho	Eros Entertainment	Comedy
Grand-The	Anchor Bay Entert…	Comedy
Mere-Baap-Pehle-Aap	Shemaroo Entertai…	Comedy
Another-Gay-Sequel	TLA Releasing	Comedy
Mommas-Man	ThinkFilm	Comedy
Kabluey	Regent Releasing	Comedy
Humboldt-County	Magnolia Pictures	Comedy
Oye-Lucky-Lucky-Oye	UTV Communications	Comedy
99-francs		Comedy
Four-Letter-Word-A	Embrem Entertainment	Comedy
Kenny	Arcangelo Enterta…	Comedy
Meet-Bill	First Look	Comedy
Finding-Amanda	Magnolia Pictures	Comedy
Auberge-rouge-L		Comedy
Paris		Comedy
Loins-of-Punjab-Presents	Emerging Pictures	Comedy
Kraska-v-nesnazich	Menemsha Entertai…	Comedy
Blonde-and-Blonder	Empire Pictures	Comedy
Romance-and-Cigarettes	Borotoro	Comedy
Surfer-Dude	Anchor Bay Entert…	Comedy
Familiar-Strangers	Cavalier Films	Comedy
Dukes-The	CAVU Releasing	Comedy
Sex-and-Death-101	Anchor Bay Entert…	Comedy
Filth-and-Wisdom	IFC Films	Comedy
Haebyonui-Yoin	New Yorker	Comedy
Expired	MCR Releasing	Comedy
Diminished-Capacity	IFC Films	Comedy
All-Hat		Comedy
Poultrygeist-Night-of-the-Chicken-Dead	Troma Entertainment	Comedy
Full-Grown-Men	Emerging Pictures	Comedy
Harold	City Lights Pictures	Comedy
My-Mexican-Shivah	Emerging Pictures	Comedy
Last-Stop-for-Paul	Mandt Brothers	Comedy
Sa-Som-i-Himmelen-(2004)		Comedy
Skid-Marks	Diversa Films	Comedy
Young-People-Fucking	ThinkFilm	Comedy
Little-Big-Top	Self Distributed	Comedy
Ugly-aur-Pagli	Shemaroo Entertai…	Comedy
Viva-(2007)	Vagrant Films	Comedy
Sure-Shot-Dombrowski		Comedy
Lower-Learning	Anchor Bay Entert…	Comedy
Fat-Girls	Regent Releasing	Comedy
Ninas-Heavenly-Delights	Regent Releasing	Comedy
Miss-Conception	First Look	Comedy
How-to-Rob-a-Bank	IFC Films	Comedy
Outsourced	Lantern Lane Ente…	Comedy
Hangover-The	Warner Bros.	Comedy
Couples-Retreat	Universal	Comedy
Julie-and-Julia	Sony Pictures	Comedy
Madea-Goes-To-Jail-(2009)	Lionsgate	Comedy
Zombieland-(2009)	Sony Pictures	Comedy
I-Love-You-Man	Paramount Pictures	Comedy
17-Again	Warner Bros.	Comedy
Bruno	Universal	Comedy
Bride-Wars	20th Century Fox	Comedy
Funny-People	Universal	Comedy
I-Can-Do-Bad-All-By-Myself	Lionsgate	Comedy
Land-of-the-Lost	Universal	Comedy
Old-Dogs	Walt Disney	Comedy
Year-One	Sony Pictures	Comedy
Duplicity	Universal	Comedy
Marley-and-Me	20th Century Fox	Comedy
Informant-The	Warner Bros.	Comedy
Dance-Flick	Paramount Pictures	Comedy
Invention-of-Lying-The	Warner Bros.	Comedy
Yes-Man	Warner Bros.	Comedy
Fired-Up	Sony Pictures	Comedy
Goods-Live-Hard-Sell-Hard-The	Paramount Vantage	Comedy
Whip-It	Fox Searchlight	Comedy
Sunshine-Cleaning	Overture Films	Comedy
Extract	Miramax	Comedy
De-pere-en-flic		Comedy
Next-Day-Air	Summit Entertainment	Comedy
Away-We-Go	Focus Features	Comedy
Serious-Man-A	Focus Features	Comedy
Boat-That-Rocked-The	Focus Features	Comedy
Bandslam	Summit Entertainment	Comedy
3-Idiots	Big Pictures	Comedy
Miss-March	20th Century Fox	Comedy
Trailer-Park-Boys-Countdown-to-Liquor-Day		Comedy
My-One-and-Only	Freestyle Releasing	Comedy
Four-Christmases	Warner Bros.	Comedy
Rudo-y-Cursi	Sony Pictures Cla…	Comedy
Doigts-croches-Les		Comedy
I-Hope-They-Serve-Beer-in-Hell	Freestyle Releasing	Comedy
Paper-Heart	Overture Films	Comedy
Paris		Comedy
De-Dana-Dan		Comedy
Ajab-Prem-Ki-Ghazab-Kahani	Viva Entertainment	Comedy
Wake-Up-Sid	UTV Communications	Comedy
Fanboys	Weinstein Co.	Comedy
Play-the-Game	Slowhand Cinema	Comedy
Fille-de-Monaco-La	Magnolia Pictures	Comedy
Role-Models	Universal	Comedy
Humpday	Magnolia Pictures	Comedy
Vicky-Cristina-Barcelona	MGM	Comedy
Luck-by-Chance	AdLab Films	Comedy
O-Horten	Sony Pictures Cla…	Comedy
Spread		Comedy
Big-Fan	First Independent…	Comedy
Do-Knot-Disturb	Big Pictures	Comedy
Happy-Go-Lucky	Miramax	Comedy
Tulpan	Zeitgeist	Comedy
Zack-and-Miri-Make-a-Porno	Weinstein Co.	Comedy
Amarcord		Comedy
Gentlemen-Broncos	Fox Searchlight	Comedy
Monster-Beach-Party	Indican Pictures	Comedy
Alien-Trespass	Roadside Attractions	Comedy
Gigantic-(2009)	First Independent…	Comedy
Nothing-Like-the-Holidays	Overture Films	Comedy
Motherhood	Freestyle Releasing	Comedy
Skills-Like-These	Shadow	Comedy
Soul-Men	MGM	Comedy
Somers-Town	Film Movement	Comedy
Bart-Got-a-Room	Anchor Bay Entert…	Comedy
Mystery-Team	Roadside Attractions	Comedy
Beeswax	Cinema Guild	Comedy
Dai-Nipponjin-(Japan)	Magnolia Pictures	Comedy
Absurdistan	First Run Features	Comedy
Slammin-Salmon-The	Anchor Bay Entert…	Comedy
Last-International-Playboy-The		Comedy
JCVD	Peace Arch Releasing	Comedy
Adventures-of-Power	Variance Films	Comedy
Splinterheads	Paladin	Comedy
Vacances-de-M-Hulot-Les	Janus Films	Comedy
Argent-de-poche-L	New World	Comedy
St-Trinians	NeoClassics Films	Comedy
Taxidermia	Regent Releasing	Comedy
Janky-Promoters	Third Rail	Comedy
Looking-for-Palladin		Comedy
Mommas-Man	ThinkFilm	Comedy
Marc-Pease-Experience-The	Paramount Vantage	Comedy
Familiar-Strangers	Cavalier Films	Comedy
Sixty-Six	First Independent…	Comedy
Teeth	Roadside Attractions	Comedy
Patrik-Age-1-5		Comedy
Grown-Ups	Sony Pictures	Comedy
Other-Guys-The-(2010)	Sony Pictures	Comedy
Little-Fockers	Universal	Comedy
Due-Date	Warner Bros.	Comedy
Date-Night	20th Century Fox	Comedy
Sex-and-the-City-2	Warner Bros.	Comedy
Dinner-for-Schmucks	Paramount Pictures	Comedy
Get-Him-to-the-Greek	Universal	Comedy
Easy-A	Sony Pictures	Comedy
Hot-Tub-Time-Machine	MGM	Comedy
Cop-Out	Warner Bros.	Comedy
Vampires-Suck	20th Century Fox	Comedy
Scott-Pilgrim-vs-The-World	Universal	Comedy
Morning-Glory	Paramount Pictures	Comedy
You-Again	Walt Disney	Comedy
Lottery-Ticket	Warner Bros.	Comedy
Kids-Are-All-Right-The	Focus Features	Comedy
Our-Family-Wedding	Fox Searchlight	Comedy
Youth-in-Revolt	Weinstein/Dimension	Comedy
MacGruber	Universal	Comedy
Cyrus-(2010)	Fox Searchlight	Comedy
City-Island	Anchor Bay Entert…	Comedy
Its-Kind-of-a-Funny-Story	Focus Features	Comedy
Old-Dogs	Walt Disney	Comedy
3-Idiots	Big Pictures	Comedy
Micmacs	Sony Pictures Cla…	Comedy
Golmaal-3	Eros Entertainment	Comedy
I-Love-You-Phillip-Morris	Roadside Attractions	Comedy
Tees-Maar-Khan	UTV Communications	Comedy
Middle-Men	Paramount Vantage	Comedy
Couples-Retreat	Universal	Comedy
Pranzo-di-ferragosto	Zeitgeist	Comedy
Virginity-Hit-The	Sony Pictures	Comedy
Jack-Goes-Boating	Overture Films	Comedy
Khatta-Meetha	Eros Entertainment	Comedy
Tamara-Drewe	Sony Pictures Cla…	Comedy
Arnacoeur-L	IFC Films	Comedy
Extra-Man-The	Magnolia Pictures	Comedy
Trotsky-The		Comedy
Todays-Special	Reliance Big Pict…	Comedy
Tiny-Furniture	IFC Films	Comedy
No-Problem-(2010)	Eros Entertainment	Comedy
Le-baiser-du-barbu		Comedy
Atithi-Tum-Kab-Jaoge	Viva Entertainment	Comedy
Rare-Exports-A-Christmas-Tale	Oscilloscope Pict…	Comedy
Parlez-moi-de-la-pluie	IFC Films	Comedy
Wild-Target	Freestyle Releasing	Comedy
Romantics-The	Four of a Kind Pr…	Comedy
Saint-John-of-Las-Vegas	IndieVest Pictures	Comedy
Crazy-on-the-Outside	Freestyle Releasing	Comedy
Rosencrantz-and-Guildenstein-are-Undead	Indican Pictures	Comedy
Dulha-Mil-Gaya	Viva Entertainment	Comedy
Patrik-Age-1-5		Comedy
Code-a-Change-Le	IFC Films	Comedy
Vacances-de-M-Hulot-Les	Janus Films	Comedy
Serious-Man-A	Focus Features	Comedy
Mystery-Team	Roadside Attractions	Comedy
36-vues-du-Pic-Saint-Loup	Cinema Guild	Comedy
Lbs	Truly Indie	Comedy
Expecting-Mary	Rocky Mountain Pi…	Comedy
BoyBand	Artigo Ajemian Films	Comedy
Tamo-i-ovde		Comedy
Boat-That-Rocked-The	Focus Features	Comedy
Trash-Humpers		Comedy
Douchebag	Paladin	Comedy
Argent-de-poche-L	New World	Comedy
Paper-Man	MPI Media Group	Comedy
Hey-Hey-It-s-Esther-Blueburger	Monterey Media	Comedy
Violet-Tendencies	Embrem Entertainment	Comedy
White-Wedding	The Little Film C…	Comedy
Misconceptions	Regent Releasing	Comedy
Beeswax	Cinema Guild	Comedy
Winning-Season-The	Roadside Attractions	Comedy
Big-Fan	First Independent…	Comedy
Amarcord		Comedy
My-Year-Without-Sex	Strand	Comedy
Slammin-Salmon-The	Anchor Bay Entert…	Comedy
Superstar-The-Unlikely-Rise-of-Juan-Frances-El	Cinema Libre	Comedy
Drool	Strand	Comedy
To-Die-is-Hard	Driving With Our …	Comedy
Hangover-Part-II-The	Warner Bros.	Comedy
Bridesmaids	Universal	Comedy
Horrible-Bosses	Warner Bros.	Comedy
Bad-Teacher	Sony Pictures	Comedy
Gnomeo-and-Juliet	Walt Disney	Comedy
Crazy-Stupid-Love	Warner Bros.	Comedy
Tower-Heist	Universal	Comedy
Jack-and-Jill	Sony Pictures	Comedy
Madeas-Big-Happy-Family-(2011)	Lionsgate	Comedy
Dilemma-The	Universal	Comedy
Little-Fockers	Universal	Comedy
Hall-Pass	Warner Bros.	Comedy
Big-Mommas-Like-Father-Like-Son	20th Century Fox	Comedy
Paul	Universal	Comedy
Change-Up-The	Universal	Comedy
Very-Harold-and-Kumar-Christmas-A	Warner Bros.	Comedy
Our-Idiot-Brother	Weinstein Co.	Comedy
Your-Highness	Universal	Comedy
Young-Adult	Paramount Pictures	Comedy
Prom	Walt Disney	Comedy
I-Dont-Know-How-She-Does-It	Weinstein Co.	Comedy
Big-Year-The	20th Century Fox	Comedy
Take-Me-Home-Tonight	Relativity	Comedy
Cedar-Rapids	Fox Searchlight	Comedy
Guard-The	Sony Pictures Cla…	Comedy
Starbuck	Entertainment One	Comedy
sens-de-l-humour-Le	Alliance Atlantis	Comedy
Bucky-Larson-Born-to-Be-a-Star	Sony Pictures	Comedy
Trip-The-(2011)	IFC Films	Comedy
Potiche	Music Box Films	Comedy
Delhi-Belly	UTV Communications	Comedy
Breakaway	Alliance Atlantis	Comedy
Due-Date	Warner Bros.	Comedy
Desi-Boyz	Eros Entertainment	Comedy
Yamla-Pagla-Deewana	Eros Entertainment	Comedy
Beaver-The	Summit Entertainment	Comedy
Redi	Eros Entertainment	Comedy
I-Love-You-Phillip-Morris	Roadside Attractions	Comedy
femmes-du-6eme-etage-Les	Films Seville	Comedy
Terri	ATO Pictures	Comedy
Double-Dhamaal	Reliance Big Pict…	Comedy
nom-des-gens-Le	Music Box Films	Comedy
Submarine	Weinstein Co.	Comedy
Morning-Glory	Paramount Pictures	Comedy
Tanu-Weds-Manu	Viva Entertainment	Comedy
Rien-a-declarer-(France)	Entertainment One	Comedy
Last-Godfather-The	Roadside Attractions	Comedy
Pastorela	Lionsgate	Comedy
Good-Old-Fashioned-Orgy-A	Samuel Goldwyn Films	Comedy
3D-Sex-and-Zen-Extreme-Ecstasy	China Lion Film D…	Comedy
Dil-Toh-Baccha-Hai-Ji	Viva Entertainment	Comedy
Labios-Rojos	Lionsgate	Comedy
Wo-Zhi-Nv-Ren-Xin	China Lion Film D…	Comedy
Kaboom	IFC Films	Comedy
Tiny-Furniture	IFC Films	Comedy
Henrys-Crime	Motion Pictures F…	Comedy
Little-Help-A-(2011)	Freestyle Releasing	Comedy
Evil-Bong-3D	Full Moon Features	Comedy
Co-Dau-Dai-Chien	Variance Films	Comedy
Dao-Jian-Xiao	China Lion Film D…	Comedy
Tees-Maar-Khan	UTV Communications	Comedy
CornerStore	Shotown Pictures	Comedy
Tamara-Drewe	Sony Pictures Cla…	Comedy
Meet-Monica-Velour	Anchor Bay Entert…	Comedy
Octubre	New Yorker	Comedy
Cat-Run	Paladin	Comedy
Salvation-Boulevard	IFC Films	Comedy
Caesar-and-Ottos-Summer-Camp-Massacre	Nocturnal Features	Comedy
Other-Woman-The-(2009)	IFC Films	Comedy
Immigration-Tango	Roadside Attractions	Comedy
Bheja-Fry-2		Comedy
Rare-Exports-A-Christmas-Tale	Oscilloscope Pict…	Comedy
4-aventures-de-Reinette-et-Mirabelle	The Film Desk	Comedy
Chaperone-The	Samuel Goldwyn Films	Comedy
Peep-World	IFC Films	Comedy
Sympathy-for-Delicious	Maya Releasing	Comedy
Elektra-Luxx	Samuel Goldwyn Films	Comedy
Matrimonio-all-italiana	Kino Classics	Comedy
Certifiably-Jonathan		Comedy
Janie-Jones	TriBeca Films	Comedy
Chillar-Party	UTV Communications	Comedy
Worst-Movie-Ever-The	Hiltz Squared	Comedy
Flypaper	IFC Films	Comedy
Catechism-Cataclysm-The	IFC Midnight	Comedy
Fancypants	Humble Pie Films	Comedy
Balls-to-the-Walls	Midwest Movies	Comedy
About-Fifty	Screen Media Films	Comedy
To-Die-is-Hard	Driving With Our …	Comedy
Love-Wedding-Marriage	IFC Films	Comedy
36-vues-du-Pic-Saint-Loup	Cinema Guild	Comedy
Theyre-Out-of-Business	IFC Films	Comedy
Argent-de-poche-L	New World	Comedy
Violet-Tendencies	Embrem Entertainment	Comedy
Rosencrantz-and-Guildenstein-are-Undead	Indican Pictures	Comedy
Ted	Universal	Comedy
21-Jump-Street	Sony Pictures	Comedy
Magic-Mike	Warner Bros.	Comedy
Campaign-The	Warner Bros.	Comedy
Tyler-Perrys-Madeas-Witness-Protection	Lionsgate	Comedy
Pitch-Perfect	Universal	Comedy
Dictator-The	Paramount Pictures	Comedy
American-Reunion	Universal	Comedy
Project-X-(2011)	Warner Bros.	Comedy
This-is-40	Universal	Comedy
Best-Exotic-Marigold-Hotel-The	Fox Searchlight	Comedy
Three-Stooges-The	20th Century Fox	Comedy
Here-Comes-the-Boom	Sony Pictures	Comedy
Thats-My-Boy	Sony Pictures	Comedy
Watch-The	20th Century Fox	Comedy
Guilt-Trip-The	Paramount Pictures	Comedy
One-for-the-Money	Lionsgate	Comedy
Thousand-Words-A	Paramount Pictures	Comedy
Wanderlust	Universal	Comedy
Seven-Psychopaths	CBS Films	Comedy
Hit-and-Run-(2012)	Open Road	Comedy
Intouchables-Les	Weinstein Co.	Comedy
Fun-Size	Paramount Pictures	Comedy
Seeking-a-Friend-for-the-End-of-the-World	Focus Features	Comedy
Casa-de-mi-Padre	Lionsgate	Comedy
Jeff-Who-Lives-at-Home	Paramount Vantage	Comedy
Goon	Alliance Atlantis	Comedy
Safety-Not-Guaranteed	FilmDistrict	Comedy
Young-Adult	Paramount Pictures	Comedy
Dabangg-2	Eros Entertainment	Comedy
Jack-and-Jill	Sony Pictures	Comedy
Housefull-2	Eros Entertainment	Comedy
For-a-Good-Time-Call	Focus Features	Comedy
Tower-Heist	Universal	Comedy
Darling-Companion	Sony Pictures Cla…	Comedy
Rowdy-Rathore	UTV Communications	Comedy
Blue-Like-Jazz	Roadside Attractions	Comedy
Peace-Love-and-Misunderstanding	IFC Films	Comedy
Habemus-Papam	IFC Films	Comedy
Bachelorette	Weinstein Co.	Comedy
Ferrari-Ki-Sawaari	Eros Entertainment	Comedy
Oranges-The	ATO Pictures	Comedy
Liberal-Arts	IFC Films	Comedy
Gianni-e-le-donne	Zeitgeist	Comedy
Lola-Versus	Fox Searchlight	Comedy
My-Uncle-Rafael	Slater Brothers E…	Comedy
petits-mouchoirs-Les	MPI Media Group	Comedy
Tim-and-Eric-s-Billion-Dollar-Movie	Magnet Pictures	Comedy
Joker	UTV Communications	Comedy
Luv-Shuv-Tey-Chicken-Khurana	UTV Communications	Comedy
High-School	Anchor Bay Entert…	Comedy
Very-Harold-and-Kumar-Christmas-A	Warner Bros.	Comedy
Fa-meg-pa-for-faen	New Yorker	Comedy
Perfect-Family-The	Variance Films	Comedy
Obama-Effect-The	ARC Entertainment	Comedy
source-des-femmes-La	Mongrel Media	Comedy
Butter	Weinstein Co.	Comedy
Rang-zidan-fei	Well Go USA	Comedy
prenom-Le		Comedy
Natural-Selection	Cinema Guild	Comedy
LOL	Lionsgate	Comedy
Comedy-The	TriBeca Films	Comedy
Et-si-on-vivait-tous-ensemble	Kino Lorber	Comedy
fee-La	Kino Lorber	Comedy
Inbetweeners-Movie-The	Wrekin Hill Enter…	Comedy
Dai-juk-hei-kek	China Lion Film D…	Comedy
Life-Happens	PMK*BNC	Comedy
Sound-of-Noise-The	Magnolia Pictures	Comedy
Guard-The	Sony Pictures Cla…	Comedy
Lay-the-Favorite	Radius	Comedy
Graduate-The	Embassy	Comedy
Mon-pire-cauchemar	Strand	Comedy
Kung-Fu-Joe	Indican Pictures	Comedy
Gayby	The Film Collabor…	Comedy
6-Month-Rule	Secret Identity P…	Comedy
Reuniting-the-Rubins	Monterey Media	Comedy
Sophomore	"Pillen's Farm Pic…"	Comedy
Color-Wheel-The	APD/Cinema Conser…	Comedy
Trouble-With-Bliss-The	7A Productions	Comedy
Husbands-in-Goa	UTV Communications	Comedy
Do-Deca-Pentathlon-The	Red Flag Releasing	Comedy
Small-Beautifully-Moving-Parts	Long Shot Factory	Comedy
Brooklyn-Brothers-Beat-the-Best-The	Oscilloscope Pict…	Comedy
Price-Check	IFC Films	Comedy
Grassroots	Samuel Goldwyn Films	Comedy
Man-Who-Shook-the-Hand-of-Vicente-Fernandez-The	Indican Pictures	Comedy
Buzzkill	Indican Pictures	Comedy
Babymakers-The	Alchemy	Comedy
Liars-Autobiography-A	Brainstorm Media	Comedy
Worst-Movie-Ever-The	Hiltz Squared	Comedy
Newlyweds	TriBeca Films	Comedy
Man-in-the-White-Suit-The		Comedy
Loosies	IFC Films	Comedy
Predisposed	IFC Films	Comedy
4-aventures-de-Reinette-et-Mirabelle	The Film Desk	Comedy
Decoy-Bride-The	IFC Films	Comedy
Nature-Calls	Magnet Pictures	Comedy
Heat-The	20th Century Fox	Comedy
Were-the-Millers	Warner Bros.	Comedy
Identity-Thief	Universal	Comedy
Grown-Ups-2	Sony Pictures	Comedy
Hangover-3-The	Warner Bros.	Comedy
Anchorman-2	Paramount Pictures	Comedy
Jackass-Presents-Bad-Grandpa	Paramount Pictures	Comedy
This-is-the-End	Sony Pictures	Comedy
Best-Man-Holiday-The	Universal	Comedy
Last-Vegas-(2013)	CBS Films	Comedy
Tyler-Perrys-A-Madea-Christmas	Lionsgate	Comedy
Internship-The	20th Century Fox	Comedy
No-se-Aceptan-Devoluciones	Lionsgate	Comedy
Haunted-House-A	Open Road	Comedy
Blue-Jasmine	Sony Pictures Cla…	Comedy
Scary-Movie-5	Weinstein Co.	Comedy
Delivery-Man	Walt Disney	Comedy
Worlds-End-The	Focus Features	Comedy
21-and-Over	Relativity	Comedy
Grudge-Match	Warner Bros.	Comedy
Incredible-Burt-Wonderstone-The	Warner Bros.	Comedy
Way-Way-Back-The	Fox Searchlight	Comedy
Quartet	Weinstein Co.	Comedy
Enough-Said	Fox Searchlight	Comedy
This-is-40	Universal	Comedy
Peeples-(2013)	Lionsgate	Comedy
Movie-43	Relativity	Comedy
Guilt-Trip-The	Paramount Pictures	Comedy
Frances-Ha	IFC Films	Comedy
To-Do-List-The	CBS Films	Comedy
In-a-World	Roadside Attractions	Comedy
Unfinished-Song	Weinstein Co.	Comedy
Seethamma-Vakitlo-Sirimalle-Chettu	Ficus	Comedy
Girl-Most-Likely	Roadside Attractions	Comedy
amantes-pasajeros-Los	Sony Pictures Cla…	Comedy
Kings-of-Summer-The	CBS Films	Comedy
Here-Comes-the-Boom	Sony Pictures	Comedy
Thanks-for-Sharing	Roadside Attractions	Comedy
saveurs-du-Palais-Les	Mongrel Media	Comedy
Alceste-a-bicyclette	Mongrel Media	Comedy
Pitch-Perfect	Universal	Comedy
Si-Ren-Ding-Zhi	China Lion Film D…	Comedy
Starbuck	Entertainment One	Comedy
Angels-Share-The	IFC Films	Comedy
Chashme-Baddoor	Viva Entertainment	Comedy
InAPPropiate-Comedy	Freestyle Releasing	Comedy
Prince-Avalanche	Magnolia Pictures	Comedy
Ghanchakkar	UTV Communications	Comedy
Crystal-Fairy	IFC Films	Comedy
Populaire	Mongrel Media	Comedy
Afternoon-Delight	Film Arcade	Comedy
A-C-O-D	Film Arcade	Comedy
Syngue-sabour	Sony Pictures Cla…	Comedy
Fukrey	Excel Entertainment	Comedy
Lost-and-Found-in-Armenia	High Top Releasing	Comedy
Computer-Chess	Kino Lorber	Comedy
Somebody-Up-There-Likes-Me	TriBeca Films	Comedy
Settai	UTV Communications	Comedy
Reality	Oscilloscope Pict…	Comedy
Stuck-in-Love	Alchemy	Comedy
Its-a-Disaster	Oscilloscope Pict…	Comedy
English-Teacher-The	Cinedigm	Comedy
C-O-G	Screen Media Films	Comedy
Wrong	Drafthouse Films	Comedy
Glimpse-Inside-The-Mind-of-Charles-Swan-III-A	A24	Comedy
Struck-By-Lightning	TriBeca Films	Comedy
Intouchables-Les	Weinstein Co.	Comedy
Nosotros-Los-Nobles	Lionsgate	Comedy
Language-of-a-Broken-Heart	House Lights Media	Comedy
Let-My-People-Go	Zeitgeist	Comedy
Mental	Dada Films	Comedy
History-of-Future-Folk-The	Variance Films	Comedy
Pont-du-Nord-Le	The Film Desk	Comedy
Dealing-with-Idiots	IFC Films	Comedy
Picture-Day	ARC Entertainment	Comedy
Midget-Zombie-Takeover	Driving With Our …	Comedy
If-I-Were-You	Kino Lorber	Comedy
Zero-Charisma	TriBeca Films	Comedy
Ghost-Team-One	Film Arcade	Comedy
Desperate-Acts-of-Magic		Comedy
Breakfast-with-Curtis		Comedy
Worst-Movie-Ever-The	Hiltz Squared	Comedy
Do-Not-Disturb-(2013)	Mongrel Media	Comedy
Mon-pire-cauchemar	Strand	Comedy
Supporting-Characters	TriBeca Films	Comedy
Man-Who-Shook-the-Hand-of-Vicente-Fernandez-The	Indican Pictures	Comedy
All-is-Bright-(2013)	Anchor Bay Entert…	Comedy
Kitchen-The	Monterey Media	Comedy
Happy-Poet-The	Cinema Libre	Comedy
Superstar-(2012)	Mongrel Media	Comedy
Et-si-on-vivait-tous-ensemble	Kino Lorber	Comedy
Ghastly-Love-of-Johnny-X-The	Strand	Comedy
InSpectres	Reacter 88 Studios	Comedy
Argent-de-poche-L	New World	Comedy
Best-Man-Down	Magnolia Pictures	Comedy
Detention-of-the-Dead	Anchor Bay Entert…	Comedy
Eddie-The-Sleepwalking-Cannibal	Doppelganger Rele…	Comedy
Grande-boucle-La	Mongrel Media	Comedy
Syrup	Magnolia Pictures	Comedy
To-Die-is-Hard	Driving With Our …	Comedy
22-Jump-Street	Sony Pictures	Comedy
Neighbors-(2013)	Universal	Comedy
Ride-Along	Universal	Comedy
Dumb-and-Dumber-To	Universal	Comedy
Tammy	Warner Bros.	Comedy
Other-Woman-The-(2014)	20th Century Fox	Comedy
Lets-Be-Cops	20th Century Fox	Comedy
Grand-Budapest-Hotel-The	Fox Searchlight	Comedy
Hundred-Foot-Journey-The	Walt Disney	Comedy
St-Vincent	Weinstein Co.	Comedy
Sex-Tape	Sony Pictures	Comedy
This-is-Where-I-Leave-You	Warner Bros.	Comedy
Chef	Open Road	Comedy
Top-Five	Paramount Pictures	Comedy
Ghostbusters-(1984)	Sony Pictures	Comedy
Anchorman-2	Paramount Pictures	Comedy
Haunted-House-2-A	Open Road	Comedy
Tyler-Perrys-The-Single-Moms-Club	Lionsgate	Comedy
And-So-It-Goes	Clarius Entertain…	Comedy
PK-(India)	UTV Communications	Comedy
Bad-Words	Focus Features	Comedy
Grudge-Match	Warner Bros.	Comedy
Dear-White-People	Lionsgate/Roadsid…	Comedy
My-Old-Lady	Cohen Media Group	Comedy
Fading-Gigolo	Alchemy	Comedy
Wish-I-Was-Here	Focus Features	Comedy
Interview-The	Sony Pictures	Comedy
Grand-Seduction-The	Entertainment One	Comedy
Trip-to-Italy-The	IFC Films	Comedy
Tyler-Perrys-A-Madea-Christmas	Lionsgate	Comedy
Trailer-Park-Boys-3-Don-t-Legalize-It	Entertainment One	Comedy
Dr-Cabbie	Eros Entertainment	Comedy
Last-Vegas-(2013)	CBS Films	Comedy
Delivery-Man	Walt Disney	Comedy
Xin-Hua-Lu-Fang	China Lion Film D…	Comedy
Land-Ho	Sony Pictures Cla…	Comedy
Men-Women-and-Children	Paramount Pictures	Comedy
Blue-Jasmine	Sony Pictures Cla…	Comedy
Frank-(2014)	Magnolia Pictures	Comedy
Dom-Hemingway	Fox Searchlight	Comedy
vacances-du-petit-Nicolas-Les	Mongrel Media	Comedy
Hard-Days-Night-A	Universal	Comedy
Jackass-Presents-Bad-Grandpa	Paramount Pictures	Comedy
Women-Who-Flirt	China Lion Film D…	Comedy
Comme-un-chef	Cohen Media Group	Comedy
Main-Tera-Hero	Eros Entertainment	Comedy
Life-of-Crime	Lionsgate/Roadsid…	Comedy
Entertainment-(2014)	B4U Movies	Comedy
Wei-ai-zhi-jian-ru-jia-jing-(China)(2014)	China Lion Film D…	Comedy
Hundraaringen-som-kiev-ut-genom-fonstret-och-forsvann	Mongrel Media	Comedy
Double-The-(2013)	Magnolia Pictures	Comedy
Conte-d-ete	Big World Pictures	Comedy
9-mois-ferme	Mongrel Media	Comedy
Alan-Partridge-(2014-United-Kingdom)	Magnolia Pictures	Comedy
Knights-of-Badassdom	Entertainment One	Comedy
Art-of-the-Steal-The-(2013)	RADiUS-TWC	Comedy
Feuchtgebiete	Strand	Comedy
Walk-of-Shame	Focus Features	Comedy
Cuban-Fury	Entertainment One	Comedy
Enough-Said	Fox Searchlight	Comedy
Filmistan	UTV Communications	Comedy
Elsa-and-Fred-(2014)	Alchemy	Comedy
Not-Cool	Starz Media	Comedy
ritournelle-La	Mongrel Media	Comedy
Best-Man-Holiday-The	Universal	Comedy
Six-Dance-Lessons-in-Six-Weeks	Dada Films	Comedy
Ping-Pong-Summer	Gravitas Ventures	Comedy
Happy-Christmas	Magnolia Pictures	Comedy
Last-Weekend	IFC Films	Comedy
Attila-Marcel	Mongrel Media	Comedy
Si-Ren-Ding-Zhi	China Lion Film D…	Comedy
Believe-Me	Riot Studios	Comedy
Adult-World	IFC Films	Comedy
Menu-degustacio	Magnolia Pictures	Comedy
Risate-di-gioia	Rialto Pictures	Comedy
Kelly-and-Cal	IFC Films	Comedy
Pretty-One-The	Dada Films	Comedy
Quai-dOrsay		Comedy
insolitos-peces-gato-Los	Strand	Comedy
Infideles-Les	Weinstein Co.	Comedy
l-autre-cote-du-periph-De	Weinstein Co.	Comedy
Days-and-Nights	IFC Films	Comedy
Animal-Project-The	Mongrel Media	Comedy
Eternity-The-Movie	Vagrant Films	Comedy
Life-Partners	Magnolia Pictures	Comedy
Olivia-Experiment-The	Indican Pictures	Comedy
Love-and-Air-Sex	TriBeca Films	Comedy
Worst-Movie-Ever-The	Hiltz Squared	Comedy
Alceste-a-bicyclette	Mongrel Media	Comedy
Hollidaysburg	Starz Media	Comedy
Lifes-a-Breeze	Magnolia Pictures	Comedy
Tip-Top	Kino Lorber	Comedy
Jake-Squared	Freestyle Releasing	Comedy
To-Die-is-Hard	Driving With Our …	Comedy
Two-Bit-Waltz	Monterey Media	Comedy
Arrete-ou-je-continue	Film Movement	Comedy
Pret-a-tout	Rialto Pictures	Comedy
Demi-Soeur	Rialto Pictures	Comedy
Free-the-Nipple	IFC Films	Comedy
Frances-Ha	IFC Films	Comedy
Barbecue	Distrib Films	Comedy
Computer-Chess	Kino Lorber	Comedy
Pitch-Perfect-2	Universal	Comedy
Spy	20th Century Fox	Comedy
Daddys-Home-(2015)	Paramount Pictures	Comedy
Get-Hard	Warner Bros.	Comedy
Ted-2	Universal	Comedy
Intern-The	Warner Bros.	Comedy
Magic-Mike-XXL	Warner Bros.	Comedy
Wedding-Ringer-The	Sony Pictures	Comedy
Vacation	Warner Bros.	Comedy
Focus-(2015)	Warner Bros.	Comedy
Sisters	Universal	Comedy
Night-Before-The	Sony Pictures	Comedy
Hot-Pursuit-(2015)	Warner Bros.	Comedy
DUFF-The	CBS Films	Comedy
Second-Best-Exotic-Marigold-Hotel-The	Fox Searchlight	Comedy
Entourage	Warner Bros.	Comedy
Love-the-Coopers	CBS Films	Comedy
Burnt	Weinstein Co.	Comedy
Hot-Tub-Time-Machine-2	Paramount Pictures	Comedy
Unfinished-Business	20th Century Fox	Comedy
While-Were-Young	A24	Comedy
Grandma	Sony Pictures Cla…	Comedy
Danny-Collins	Bleecker Street	Comedy
Irrational-Man	Sony Pictures Cla…	Comedy
Scouts-Guide-to-the-Zombie-Apocalypse	Paramount Pictures	Comedy
What-We-Do-in-the-Shadows	Unison/Paladin	Comedy
Relatos-salvajes	Sony Pictures Cla…	Comedy
Ladrones	Lionsgate	Comedy
Tanu-Weds-Manu-Returns	Eros Entertainment	Comedy
Rock-the-Kasbah	Open Road	Comedy
Interview-The	Sony Pictures	Comedy
Mistress-America	Fox Searchlight	Comedy
Tamasha	UTV Communications	Comedy
Top-Five	Paramount Pictures	Comedy
Infinitely-Polar-Bear	Sony Pictures Cla…	Comedy
Welcome-Back-(India)	Eros Entertainment	Comedy
Dumb-and-Dumber-To	Universal	Comedy
Gang-jiong-(China)	Well Go USA	Comedy
Miss-You-Already	Roadside Attractions	Comedy
Overnight-The	The Orchard	Comedy
Hundraaringen-som-kiev-ut-genom-fonstret-och-forsvann	Mongrel Media	Comedy
PK-(India)	UTV Communications	Comedy
Tangerine	Magnolia Pictures	Comedy
D-Train-The	IFC Films	Comedy
St-Vincent	Weinstein Co.	Comedy
Welcome-to-Me	Alchemy	Comedy
Shaandaar	Fox International	Comedy
Gun-dan-ba-Zhong-liu-jun	China Lion Film D…	Comedy
Grand-Budapest-Hotel-The	Fox Searchlight	Comedy
duva-satt-pa-en-gren-och-funderade-pa-tillvaron-En	Magnolia Pictures	Comedy
Anomalisa	Paramount Pictures	Comedy
Dope	Open Road	Comedy
Samba-(France)	Entertainment One	Comedy
Forever-Young-(China)	China Lion Film D…	Comedy
Road-Hard	FilmBuff	Comedy
Shes-Funny-That-Way	Lionsgate	Comedy
Adult-Beginners	RADiUS-TWC	Comedy
Results	Magnolia Pictures	Comedy
Christmas-Eve	Unstuck LLC	Comedy
Six-Dance-Lessons-in-Six-Weeks	Dada Films	Comedy
E-gun-tian-shi	China Lion Film D…	Comedy
Gueros	Kino Lorber	Comedy
Shao-nian-ban-(China)	China Lion Film D…	Comedy
Appropriate-Behavior	Gravitas Ventures	Comedy
Forbidden-Room-The	Kino Lorber	Comedy
Don-Verdean	Lionsgate	Comedy
People-Places-Things	Film Arcade	Comedy
Wei-ai-zhi-jian-ru-jia-jing-(China)(2014)	China Lion Film D…	Comedy
Match	IFC Films	Comedy
Paulette	Cohen Media Group	Comedy
7-Chinese-Brothers	Screen Media Films	Comedy
Dear-White-People	Lionsgate/Roadsid…	Comedy
Elsa-and-Fred-(2014)	Alchemy	Comedy
Preggoland	Mongrel Media	Comedy
Metropolitan		Comedy
Friends-and-Romans	Paladin	Comedy
Campanadas-a-medianoche	Janus Films	Comedy
Little-Death-The-(2014)	Magnolia Pictures	Comedy
Hits	Honora Productions	Comedy
Eli	Eros Entertainment	Comedy
Risate-di-gioia	Rialto Pictures	Comedy
Hross-i-oss	Music Box Films	Comedy
enlevement-de-Michel-Houellebecq-L	Kino Lorber	Comedy
Just-Before-I-Go	Anchor Bay/Freestyle	Comedy
My-Old-Lady	Cohen Media Group	Comedy
Wild-Canaries	IFC Films	Comedy
Still-Life	TriBeca Films	Comedy
Yi-ge-shao-zi-(China)-(2015)	Clarius Entertain…	Comedy
Mememe-no-kurage		Comedy
Arrete-ou-je-continue	Film Movement	Comedy
Gone-Doggy-Gone	Indican Pictures	Comedy
critico-El	Music Box Films	Comedy
Lil-Quinquin	Kino Lorber	Comedy
Guidance	Strand	Comedy
Sex-Death-and-Bowling	Monterey Media	Comedy
Tu-dors-Nicole	Kino Lorber	Comedy
vacances-du-petit-Nicolas-Les	Mongrel Media	Comedy
Voices-The	Lionsgate	Comedy
SBK-The-Movie	Hanover Multimedia	Comedy
Gerontophilia	Strand	Comedy
Barely-Lethal	A24	Comedy
Ashby	Film Arcade	Comedy
What-We-Did-on-Our-Holiday	Lionsgate	Comedy
Worst-Movie-Ever-The	Hiltz Squared	Comedy
Three-Night-Stand	Myriad Entertainm…	Comedy
rancon-de-la-gloire-La		Comedy
Tip-Top	Kino Lorber	Comedy
Drunk-Wedding	Paramount Pictures	Comedy
Anita-Ho	Indican Pictures	Comedy
la-guerre-De	Indican Pictures	Comedy
LA-Slasher	Archstone Enterta…	Comedy
Women-Who-Flirt	China Lion Film D…	Comedy
Life-Partners	Magnolia Pictures	Comedy
Eternity-The-Movie	Vagrant Films	Comedy
Conte-d-ete	Big World Pictures	Comedy
Fonzy	Distrib Films	Comedy
Chic	Distrib Films	Comedy
Two-Bit-Waltz	Monterey Media	Comedy
Olivia-Experiment-The	Indican Pictures	Comedy
Lou-Journal-infime	Distrib Films	Comedy
Chicas-Paranoicas-(Spain)		Comedy
