What Lies Beneath	Dreamworks SKG	Thriller-or-Suspense
Unbreakable	Walt Disney	Thriller-or-Suspense
The Cell	New Line	Thriller-or-Suspense
Vertical Limit	Sony Pictures	Thriller-or-Suspense
Frequency	New Line	Thriller-or-Suspense
The Talented Mr. Ripley	Paramount Pictures	Thriller-or-Suspense
The Skulls	Universal	Thriller-or-Suspense
The Art of War	Warner Bros.	Thriller-or-Suspense
The Watcher	Universal	Thriller-or-Suspense
The Ninth Gate	Artisan	Thriller-or-Suspense
The Contender	Dreamworks SKG	Thriller-or-Suspense
The Sixth Sense	Walt Disney	Thriller-or-Suspense
Eye of the Beholder	Destination Films	Thriller-or-Suspense
Supernova	MGM	Thriller-or-Suspense
The In Crowd	Warner Bros.	Thriller-or-Suspense
The Bone Collector	Universal	Thriller-or-Suspense
Blood Simple	USA Films	Thriller-or-Suspense
Trois	Rainforest Produc…	Thriller-or-Suspense
Du rififi chez les hommes		Thriller-or-Suspense
Under Suspicion		Thriller-or-Suspense
Baise-moi		Thriller-or-Suspense
Deterrence		Thriller-or-Suspense
With a Friend Like Harry	Miramax	Thriller-or-Suspense
Lola rennt	Sony Pictures Cla…	Thriller-or-Suspense
Taboo		Thriller-or-Suspense
The Gift	Paramount Vantage	Thriller-or-Suspense
The Thomas Crown Affair	MGM	Thriller-or-Suspense
Buddy Boy	Fine Line	Thriller-or-Suspense
Circus	Sony Pictures	Thriller-or-Suspense
The Quarry	First Run Features	Thriller-or-Suspense
"Brown's Requiem"	Avalanche Releasing	Thriller-or-Suspense
Placebo Effect	Phaedra Cinema	Thriller-or-Suspense
"Ocean's Eleven"	Warner Bros.	Thriller-or-Suspense
Vanilla Sky	Paramount Pictures	Thriller-or-Suspense
Training Day	Warner Bros.	Thriller-or-Suspense
Along Came a Spider	Paramount Pictures	Thriller-or-Suspense
The Score	Paramount Pictures	Thriller-or-Suspense
Don’t Say a Word	20th Century Fox	Thriller-or-Suspense
Domestic Disturbance	Paramount Pictures	Thriller-or-Suspense
From Hell	20th Century Fox	Thriller-or-Suspense
Memento	Newmarket Films	Thriller-or-Suspense
15 Minutes	New Line	Thriller-or-Suspense
Joy Ride	20th Century Fox	Thriller-or-Suspense
The Pledge	Warner Bros.	Thriller-or-Suspense
The Last Castle	Dreamworks SKG	Thriller-or-Suspense
The Glass House	Sony Pictures	Thriller-or-Suspense
Vertical Limit	Sony Pictures	Thriller-or-Suspense
Original Sin	MGM	Thriller-or-Suspense
The Tailor of Panama	Sony Pictures	Thriller-or-Suspense
The Gift	Paramount Vantage	Thriller-or-Suspense
Antitrust	MGM	Thriller-or-Suspense
The Deep End	Fox Searchlight	Thriller-or-Suspense
Mulholland Drive	Universal	Thriller-or-Suspense
Unbreakable	Walt Disney	Thriller-or-Suspense
With a Friend Like Harry	Miramax	Thriller-or-Suspense
Impostor	Miramax	Thriller-or-Suspense
Brigham City	Excel Entertainment	Thriller-or-Suspense
Brother	Sony Pictures Cla…	Thriller-or-Suspense
Baise-moi		Thriller-or-Suspense
Taboo		Thriller-or-Suspense
Une affaire de goût	Attitude Films	Thriller-or-Suspense
The Body	Avalanche Releasing	Thriller-or-Suspense
Du rififi chez les hommes		Thriller-or-Suspense
Fever		Thriller-or-Suspense
Under Suspicion		Thriller-or-Suspense
Protection		Thriller-or-Suspense
Signs	Walt Disney	Thriller-or-Suspense
The Bourne Identity	Universal	Thriller-or-Suspense
Panic Room	Sony Pictures	Thriller-or-Suspense
Red Dragon	Universal	Thriller-or-Suspense
John Q.	New Line	Thriller-or-Suspense
Insomnia	Warner Bros.	Thriller-or-Suspense
Changing Lanes	Paramount Pictures	Thriller-or-Suspense
Unfaithful	20th Century Fox	Thriller-or-Suspense
High Crimes	20th Century Fox	Thriller-or-Suspense
Enough	Sony Pictures	Thriller-or-Suspense
Murder by Numbers	Warner Bros.	Thriller-or-Suspense
One Hour Photo	Fox Searchlight	Thriller-or-Suspense
"Ocean's Eleven"	Warner Bros.	Thriller-or-Suspense
Dragonfly	Universal	Thriller-or-Suspense
Swimfan	20th Century Fox	Thriller-or-Suspense
Blood Work	Warner Bros.	Thriller-or-Suspense
Vanilla Sky	Paramount Pictures	Thriller-or-Suspense
Frailty	Lionsgate	Thriller-or-Suspense
Abandon	Paramount Pictures	Thriller-or-Suspense
Trapped	Sony Pictures	Thriller-or-Suspense
Femme Fatale	Warner Bros.	Thriller-or-Suspense
The Truth About Charlie	Universal	Thriller-or-Suspense
Birthday Girl	Miramax	Thriller-or-Suspense
Enigma	Miramax	Thriller-or-Suspense
Impostor	Miramax	Thriller-or-Suspense
Mulholland Drive	Universal	Thriller-or-Suspense
"Pandora's Box"	Kino International	Thriller-or-Suspense
Heaven	Miramax	Thriller-or-Suspense
The Salton Sea	Warner Bros.	Thriller-or-Suspense
Domestic Disturbance	Paramount Pictures	Thriller-or-Suspense
Narc	Paramount Pictures	Thriller-or-Suspense
Road		Thriller-or-Suspense
From Hell	20th Century Fox	Thriller-or-Suspense
The Bank	Cinema Guild	Thriller-or-Suspense
Interview with the Assassin		Thriller-or-Suspense
Don’t Say a Word	20th Century Fox	Thriller-or-Suspense
Gangster No. 1	IFC Films	Thriller-or-Suspense
Revolution#9		Thriller-or-Suspense
Blackwoods	ThinkFilm	Thriller-or-Suspense
The Recruit	Walt Disney	Thriller-or-Suspense
Identity	Sony Pictures	Thriller-or-Suspense
Runaway Jury	20th Century Fox	Thriller-or-Suspense
Phone Booth	20th Century Fox	Thriller-or-Suspense
Out of Time	MGM	Thriller-or-Suspense
Paycheck	Paramount Pictures	Thriller-or-Suspense
Basic	Sony Pictures	Thriller-or-Suspense
Cold Creek Manor	Walt Disney	Thriller-or-Suspense
The Life of David Gale	Universal	Thriller-or-Suspense
Narc	Paramount Pictures	Thriller-or-Suspense
Swimming Pool	Focus Features	Thriller-or-Suspense
The Order	20th Century Fox	Thriller-or-Suspense
In the Cut	Sony Pictures	Thriller-or-Suspense
à la folie... pas du tout	Samuel Goldwyn Films	Thriller-or-Suspense
Le cercle rouge		Thriller-or-Suspense
The Statement	Sony Pictures	Thriller-or-Suspense
The Hero: Love Story of a Spy		Thriller-or-Suspense
Demonlover	Palm Pictures	Thriller-or-Suspense
Signs	Walt Disney	Thriller-or-Suspense
No Good Deed	Mac Releasing	Thriller-or-Suspense
The Bank	Cinema Guild	Thriller-or-Suspense
Night of Destiny	ArtMattan Films	Thriller-or-Suspense
The Bourne Supremacy	Universal	Thriller-or-Suspense
The Village	Walt Disney	Thriller-or-Suspense
Man on Fire	20th Century Fox	Thriller-or-Suspense
Ladder 49	Walt Disney	Thriller-or-Suspense
The Forgotten	Sony Pictures	Thriller-or-Suspense
The Manchurian Candidate	Paramount Pictures	Thriller-or-Suspense
The Butterfly Effect	New Line	Thriller-or-Suspense
Secret Window	Sony Pictures	Thriller-or-Suspense
Taking Lives	Warner Bros.	Thriller-or-Suspense
Cellular	New Line	Thriller-or-Suspense
Open Water	Lionsgate	Thriller-or-Suspense
Twisted	Paramount Pictures	Thriller-or-Suspense
Paparazzi	20th Century Fox	Thriller-or-Suspense
Paycheck	Paramount Pictures	Thriller-or-Suspense
Godsend	Lionsgate	Thriller-or-Suspense
Wicker Park	MGM	Thriller-or-Suspense
Spartan	Warner Bros.	Thriller-or-Suspense
The Machinist	Paramount Vantage	Thriller-or-Suspense
The Final Cut	Lionsgate	Thriller-or-Suspense
The Statement	Sony Pictures	Thriller-or-Suspense
Runaway Jury	20th Century Fox	Thriller-or-Suspense
"I'll Sleep When I'm Dead"	Paramount Vantage	Thriller-or-Suspense
Enduring Love	Paramount Vantage	Thriller-or-Suspense
Cavale	Magnolia Pictures	Thriller-or-Suspense
Close Your Eyes		Thriller-or-Suspense
Shade		Thriller-or-Suspense
The Burial Society	Regent Releasing	Thriller-or-Suspense
Out of Time	MGM	Thriller-or-Suspense
Reeseville	Innovation Film G…	Thriller-or-Suspense
La mentale		Thriller-or-Suspense
Who Killed Bambi?	Strand	Thriller-or-Suspense
Demonlover	Palm Pictures	Thriller-or-Suspense
Flightplan	Walt Disney	Thriller-or-Suspense
Four Brothers	Paramount Pictures	Thriller-or-Suspense
Sin City	Miramax/Dimension	Thriller-or-Suspense
The Interpreter	Universal	Thriller-or-Suspense
Red Eye	Dreamworks SKG	Thriller-or-Suspense
Syriana	Warner Bros.	Thriller-or-Suspense
Derailed	Weinstein Co.	Thriller-or-Suspense
The Constant Gardener	Focus Features	Thriller-or-Suspense
A History of Violence	New Line	Thriller-or-Suspense
Munich	Universal	Thriller-or-Suspense
Cry Wolf	Focus/Rogue Pictures	Thriller-or-Suspense
The Jacket	Warner Independent	Thriller-or-Suspense
Underclassman	Miramax	Thriller-or-Suspense
Mindhunters	Miramax/Dimension	Thriller-or-Suspense
Stay	20th Century Fox	Thriller-or-Suspense
Layer Cake	Sony Pictures Cla…	Thriller-or-Suspense
Oldboy	Tartan Films	Thriller-or-Suspense
Ladder 49	Walt Disney	Thriller-or-Suspense
Match Point	Dreamworks SKG	Thriller-or-Suspense
Asylum	Paramount Vantage	Thriller-or-Suspense
Dot the I	Freestyle Releasing	Thriller-or-Suspense
Kontroll	ThinkFilm	Thriller-or-Suspense
The Machinist	Paramount Vantage	Thriller-or-Suspense
The Matador	Weinstein Co.	Thriller-or-Suspense
The Other Side of the Street	Strand	Thriller-or-Suspense
Chocolate: Deep Dark Secrets	Eros Entertainment	Thriller-or-Suspense
Boksuneun naui geot	Tartan Films	Thriller-or-Suspense
Classe Tous Risques	Rialto Pictures	Thriller-or-Suspense
Fascination	MGM	Thriller-or-Suspense
Salinsui Chooeok	Palm Pictures	Thriller-or-Suspense
Enduring Love	Paramount Vantage	Thriller-or-Suspense
Who Killed Bambi?	Strand	Thriller-or-Suspense
Kalyug	Kria	Thriller-or-Suspense
The Da Vinci Code	Sony Pictures	Thriller-or-Suspense
Inside Man	Universal	Thriller-or-Suspense
Déjà Vu	Walt Disney	Thriller-or-Suspense
The Prestige	Walt Disney	Thriller-or-Suspense
Firewall	Warner Bros.	Thriller-or-Suspense
Lady in the Water	Warner Bros.	Thriller-or-Suspense
The Sentinel	20th Century Fox	Thriller-or-Suspense
Snakes on a Plane	New Line	Thriller-or-Suspense
Munich	Universal	Thriller-or-Suspense
The Descent	Lionsgate	Thriller-or-Suspense
The Black Dahlia	Universal	Thriller-or-Suspense
Lucky Number Slevin	MGM	Thriller-or-Suspense
Match Point	Dreamworks SKG	Thriller-or-Suspense
Syriana	Warner Bros.	Thriller-or-Suspense
The Matador	Weinstein Co.	Thriller-or-Suspense
The Return	Focus Features	Thriller-or-Suspense
Turistas	20th Century Fox	Thriller-or-Suspense
Basic Instinct 2	Sony Pictures	Thriller-or-Suspense
A Scanner Darkly	Warner Bros.	Thriller-or-Suspense
Catch a Fire	Focus Features	Thriller-or-Suspense
Children of Men	Universal	Thriller-or-Suspense
Flightplan	Walt Disney	Thriller-or-Suspense
Derailed	Weinstein Co.	Thriller-or-Suspense
A History of Violence	New Line	Thriller-or-Suspense
Chinjeolhan geumjassi	Tartan Films	Thriller-or-Suspense
The Fallen Idol	Rialto Pictures	Thriller-or-Suspense
13 Tzameti	Palm Pictures	Thriller-or-Suspense
"La Demoiselle d'honneur"	First Run Features	Thriller-or-Suspense
Cavite	Truly Indie	Thriller-or-Suspense
Classe Tous Risques	Rialto Pictures	Thriller-or-Suspense
Moonlight	Indican Pictures	Thriller-or-Suspense
The Zodiac	ThinkFilm	Thriller-or-Suspense
El Aura	IFC Films	Thriller-or-Suspense
Hate Crime	Pasidg Productions	Thriller-or-Suspense
Unknown	IFC Films	Thriller-or-Suspense
The Dead Girl	First Look	Thriller-or-Suspense
Boksuneun naui geot	Tartan Films	Thriller-or-Suspense
Zyzzyx Rd.	Regent Releasing	Thriller-or-Suspense
The Bourne Ultimatum	Universal	Thriller-or-Suspense
Disturbia	Paramount Pictures	Thriller-or-Suspense
Premonition	Sony Pictures	Thriller-or-Suspense
Shooter	Paramount Pictures	Thriller-or-Suspense
Fracture	New Line	Thriller-or-Suspense
The Brave One	Warner Bros.	Thriller-or-Suspense
The Number 23	New Line	Thriller-or-Suspense
Children of Men	Universal	Thriller-or-Suspense
Breach	Universal	Thriller-or-Suspense
Mr. Brooks	MGM	Thriller-or-Suspense
Hannibal Rising	Weinstein Co.	Thriller-or-Suspense
Nancy Drew	Warner Bros.	Thriller-or-Suspense
Perfect Stranger	Sony Pictures	Thriller-or-Suspense
The Invisible	Walt Disney	Thriller-or-Suspense
Vacancy	Sony Pictures	Thriller-or-Suspense
Eastern Promises	Focus Features	Thriller-or-Suspense
The Hitcher	Focus Features	Thriller-or-Suspense
The Invasion	Warner Bros.	Thriller-or-Suspense
Awake	Weinstein Co.	Thriller-or-Suspense
Rendition	New Line	Thriller-or-Suspense
I Know Who Killed Me	Sony Pictures	Thriller-or-Suspense
Zwartboek	Sony Pictures Cla…	Thriller-or-Suspense
Sunshine	Fox Searchlight	Thriller-or-Suspense
Illegal Tender	Universal	Thriller-or-Suspense
"Ma Fille, Mon Ange"	Alliance Atlantis	Thriller-or-Suspense
Déjà Vu	Walt Disney	Thriller-or-Suspense
Slow Burn	Lionsgate	Thriller-or-Suspense
Blade Runner	Warner Bros.	Thriller-or-Suspense
Thr3e	The Bigger Picture	Thriller-or-Suspense
Paprika	Sony Pictures Cla…	Thriller-or-Suspense
Sarah Landon and the Parano…	Freestyle Releasing	Thriller-or-Suspense
The Prestige	Walt Disney	Thriller-or-Suspense
Joshua	Fox Searchlight	Thriller-or-Suspense
Sleuth	Sony Pictures Cla…	Thriller-or-Suspense
Youth Without Youth	Sony Pictures Cla…	Thriller-or-Suspense
Fay Grim	Magnolia Pictures	Thriller-or-Suspense
Civic Duty	Freestyle Releasing	Thriller-or-Suspense
Revolver	Samuel Goldwyn Films	Thriller-or-Suspense
Le Doulos	Rialto Pictures	Thriller-or-Suspense
Turistas	20th Century Fox	Thriller-or-Suspense
Right at Your Door	Lionsgate	Thriller-or-Suspense
Hak se wui yi wo wai kwai	Tartan Films	Thriller-or-Suspense
The Situation	Shadow	Thriller-or-Suspense
Ils	Slowhand Cinema	Thriller-or-Suspense
Arnolds Park	The Movie Partners	Thriller-or-Suspense
Chacun sa nuit	Strand	Thriller-or-Suspense
The Dead Girl	First Look	Thriller-or-Suspense
El Aura	IFC Films	Thriller-or-Suspense
Descent	City Lights Pictures	Thriller-or-Suspense
Alone with Her	IFC Films	Thriller-or-Suspense
Splinter	Magic Lamp	Thriller-or-Suspense
"If I Didn't Care"	Artistic License	Thriller-or-Suspense
"Ten 'Til Noon"	Radio London Films	Thriller-or-Suspense
Imprint	Linn Productions	Thriller-or-Suspense
"La Demoiselle d'honneur"	First Run Features	Thriller-or-Suspense
Crónica de una fuga	IFC Films	Thriller-or-Suspense
Mem-o-re	Aloha Releasing	Thriller-or-Suspense
Moonlight	Indican Pictures	Thriller-or-Suspense
Eagle Eye	Paramount Pictures	Thriller-or-Suspense
21	Sony Pictures	Thriller-or-Suspense
Vantage Point	Sony Pictures	Thriller-or-Suspense
The Happening	20th Century Fox	Thriller-or-Suspense
Valkyrie	United Artists	Thriller-or-Suspense
The Strangers	Focus Features	Thriller-or-Suspense
Righteous Kill	Overture Films	Thriller-or-Suspense
Body of Lies	Warner Bros.	Thriller-or-Suspense
Lakeview Terrace	Sony Pictures	Thriller-or-Suspense
Changeling	Universal	Thriller-or-Suspense
The Bank Job	Lionsgate	Thriller-or-Suspense
Untraceable	Sony Pictures	Thriller-or-Suspense
Street Kings	Fox Searchlight	Thriller-or-Suspense
Traitor	Overture Films	Thriller-or-Suspense
88 Minutes	Sony Pictures	Thriller-or-Suspense
Ne le dis à personne	Music Box Films	Thriller-or-Suspense
Deception	20th Century Fox	Thriller-or-Suspense
Blindness	Miramax	Thriller-or-Suspense
Transsiberian	First Look	Thriller-or-Suspense
Ghajini	AdLab Films	Thriller-or-Suspense
Funny Games	Warner Independent	Thriller-or-Suspense
Nobel Son	Freestyle Releasing	Thriller-or-Suspense
La fille coupée en deux	IFC Films	Thriller-or-Suspense
Le piège américain		Thriller-or-Suspense
Blade Runner	Warner Bros.	Thriller-or-Suspense
Kidnap	Studio 18	Thriller-or-Suspense
Passengers	Sony Pictures	Thriller-or-Suspense
Awake	Weinstein Co.	Thriller-or-Suspense
Pathology	MGM	Thriller-or-Suspense
Cover	Reel Diva Consult…	Thriller-or-Suspense
Midnight Meat Train	Lionsgate	Thriller-or-Suspense
Youth Without Youth	Sony Pictures Cla…	Thriller-or-Suspense
Stuck	ThinkFilm	Thriller-or-Suspense
Boarding Gate	Magnet Pictures	Thriller-or-Suspense
Du rififi chez les hommes		Thriller-or-Suspense
The Alphabet Killer	Anchor Bay Entert…	Thriller-or-Suspense
While She Was Out	Anchor Bay Entert…	Thriller-or-Suspense
Los Cronocrímenes	Magnolia Pictures	Thriller-or-Suspense
The Cry	Monterey Media	Thriller-or-Suspense
Anamorph	IFC Films	Thriller-or-Suspense
Insidious	Romantic Troubado…	Thriller-or-Suspense
La Question Humaine	New Yorker	Thriller-or-Suspense
Red	Magnolia Pictures	Thriller-or-Suspense
Sleuth	Sony Pictures Cla…	Thriller-or-Suspense
San taam	IFC Films	Thriller-or-Suspense
"On the Other Hand, Death: A…"	Regent Releasing	Thriller-or-Suspense
Murder.com	Regent Releasing	Thriller-or-Suspense
Ice Blues: A Donald Strache…	Regent Releasing	Thriller-or-Suspense
Fall of Hyperion	Regent Releasing	Thriller-or-Suspense
Taken	20th Century Fox	Thriller-or-Suspense
Angels & Demons	Sony Pictures	Thriller-or-Suspense
District 9	Sony Pictures	Thriller-or-Suspense
Knowing	Summit Entertainment	Thriller-or-Suspense
Law Abiding Citizen	Overture Films	Thriller-or-Suspense
Obsessed	Sony Pictures	Thriller-or-Suspense
State of Play	Universal	Thriller-or-Suspense
Push	Summit Entertainment	Thriller-or-Suspense
The Stepfather	Sony Pictures	Thriller-or-Suspense
The Fourth Kind	Universal	Thriller-or-Suspense
The International	Sony Pictures	Thriller-or-Suspense
Valkyrie	United Artists	Thriller-or-Suspense
Armored	Sony Pictures	Thriller-or-Suspense
A Perfect Getaway	Universal	Thriller-or-Suspense
The Box	Warner Bros.	Thriller-or-Suspense
Crank 2: High Voltage	Lionsgate	Thriller-or-Suspense
Whiteout	Warner Bros.	Thriller-or-Suspense
Moon	Sony Pictures Cla…	Thriller-or-Suspense
Sin Nombre	Focus Features	Thriller-or-Suspense
Män som hatar kvinnor	Alliance Atlantis	Thriller-or-Suspense
Los abrazos rotos	Sony Pictures Cla…	Thriller-or-Suspense
Kaminey	UTV Communications	Thriller-or-Suspense
"5150, Rue des Ormes"		Thriller-or-Suspense
Echelon Conspiracy	After Dark	Thriller-or-Suspense
Flickan som lekte med elden		Thriller-or-Suspense
The Limits of Control	Focus Features	Thriller-or-Suspense
Wanted	Eros Entertainment	Thriller-or-Suspense
The Informers	Senator Entertain…	Thriller-or-Suspense
Revanche	Janus Films	Thriller-or-Suspense
Ghajini	AdLab Films	Thriller-or-Suspense
Flammen og Citronen	IFC Films	Thriller-or-Suspense
12	Sony Pictures Cla…	Thriller-or-Suspense
Carriers	Paramount Vantage	Thriller-or-Suspense
Z	Rialto Pictures	Thriller-or-Suspense
Sleep Dealer	Maya Releasing	Thriller-or-Suspense
Body of Lies	Warner Bros.	Thriller-or-Suspense
Julia	Magnolia Pictures	Thriller-or-Suspense
Ne le dis à personne	Music Box Films	Thriller-or-Suspense
Not Forgotten	Anchor Bay Entert…	Thriller-or-Suspense
Eagle Eye	Paramount Pictures	Thriller-or-Suspense
"Le combat dans l'île"	The Film Desk	Thriller-or-Suspense
Beyond a Reasonable Doubt	Anchor Bay Entert…	Thriller-or-Suspense
Changeling	Universal	Thriller-or-Suspense
Surveillance	Magnolia Pictures	Thriller-or-Suspense
Death in Love	Screen Media Films	Thriller-or-Suspense
Donkey Punch	Magnolia Pictures	Thriller-or-Suspense
Killshot	Weinstein Co.	Thriller-or-Suspense
Los Cronocrímenes	Magnolia Pictures	Thriller-or-Suspense
The Escapist	ThinkFilm	Thriller-or-Suspense
The Skeptic	IFC Films	Thriller-or-Suspense
The Perfect Sleep	Cinema Epoch	Thriller-or-Suspense
Pontypool	IFC Films	Thriller-or-Suspense
The Canyon	Truly Indie	Thriller-or-Suspense
Shanghai Red	Indican Pictures	Thriller-or-Suspense
Inception	Warner Bros.	Thriller-or-Suspense
Shutter Island	Paramount Pictures	Thriller-or-Suspense
Salt	Sony Pictures	Thriller-or-Suspense
The Town	Warner Bros.	Thriller-or-Suspense
Takers	Sony Pictures	Thriller-or-Suspense
The Tourist	Sony Pictures	Thriller-or-Suspense
Black Swan	Fox Searchlight	Thriller-or-Suspense
Edge of Darkness	Warner Bros.	Thriller-or-Suspense
The American	Focus Features	Thriller-or-Suspense
"Brooklyn's Finest"	Overture Films	Thriller-or-Suspense
From Paris With Love	Lionsgate	Thriller-or-Suspense
Skyline	Universal	Thriller-or-Suspense
The Next Three Days	Lionsgate	Thriller-or-Suspense
The Ghost Writer	Summit Entertainment	Thriller-or-Suspense
Let Me In	Overture Films	Thriller-or-Suspense
Män som hatar kvinnor	Alliance Atlantis	Thriller-or-Suspense
Flickan som lekte med elden		Thriller-or-Suspense
El secreto de sus ojos	Sony Pictures Cla…	Thriller-or-Suspense
Luftslottet som sprängdes	Alliance Atlantis	Thriller-or-Suspense
Chloe	Sony Pictures Cla…	Thriller-or-Suspense
Los abrazos rotos	Sony Pictures Cla…	Thriller-or-Suspense
N-Secure	Freestyle Releasing	Thriller-or-Suspense
Harry Brown	Samuel Goldwyn Films	Thriller-or-Suspense
Kites	Big Pictures	Thriller-or-Suspense
Casino Jack	Samuel Goldwyn Films	Thriller-or-Suspense
Buried	Lionsgate	Thriller-or-Suspense
Law Abiding Citizen	Overture Films	Thriller-or-Suspense
The Square	Apparition	Thriller-or-Suspense
Les herbes folles	Sony Pictures Cla…	Thriller-or-Suspense
"L'affaire Farewell, l'espio…"		Thriller-or-Suspense
La Soga	7-57 Releasing	Thriller-or-Suspense
Twelve	Hannover House	Thriller-or-Suspense
Armored	Sony Pictures	Thriller-or-Suspense
The Disappearance of Alice …	Anchor Bay Entert…	Thriller-or-Suspense
Bellamy	IFC Films	Thriller-or-Suspense
Tirez sur le pianiste	Janus Films	Thriller-or-Suspense
Ca$h	Roadside Attractions	Thriller-or-Suspense
"L'armée du crime"	Lorber Films	Thriller-or-Suspense
In My Sleep	Morning Star Pict…	Thriller-or-Suspense
Dead Awake	New Films Cinema	Thriller-or-Suspense
Red Hill	Sony Pictures	Thriller-or-Suspense
Dreamkiller		Thriller-or-Suspense
Revanche	Janus Films	Thriller-or-Suspense
"Le combat dans l'île"	The Film Desk	Thriller-or-Suspense
Shanghai Red	Indican Pictures	Thriller-or-Suspense
The Box	Warner Bros.	Thriller-or-Suspense
Midnight Reckoning	Winter Star Enter…	Thriller-or-Suspense
The Oxford Murders	Magnolia Pictures	Thriller-or-Suspense
Inhale	IFC Films	Thriller-or-Suspense
Zenith	Cinema Purgatorio	Thriller-or-Suspense
As Good as Dead	Alchemy	Thriller-or-Suspense
Falling Awake	IFC Films	Thriller-or-Suspense
"Daddy's Home"	Self Distributed	Thriller-or-Suspense
Super 8	Paramount Pictures	Thriller-or-Suspense
Limitless	Relativity	Thriller-or-Suspense
Contagion	Warner Bros.	Thriller-or-Suspense
Unknown	Warner Bros.	Thriller-or-Suspense
The Adjustment Bureau	Universal	Thriller-or-Suspense
Black Swan	Fox Searchlight	Thriller-or-Suspense
The Lincoln Lawyer	Lionsgate	Thriller-or-Suspense
The Girl with the Dragon Ta…	Sony Pictures	Thriller-or-Suspense
Source Code	Summit Entertainment	Thriller-or-Suspense
Hanna	Focus Features	Thriller-or-Suspense
Red Riding Hood	Warner Bros.	Thriller-or-Suspense
The Roommate	Sony Pictures	Thriller-or-Suspense
In Time	20th Century Fox	Thriller-or-Suspense
Colombiana	Sony Pictures	Thriller-or-Suspense
The Debt	Focus Features	Thriller-or-Suspense
Abduction	Lionsgate	Thriller-or-Suspense
Apollo 18	Weinstein Co.	Thriller-or-Suspense
The Tourist	Sony Pictures	Thriller-or-Suspense
Straw Dogs	Sony Pictures	Thriller-or-Suspense
Anonymous	Sony Pictures	Thriller-or-Suspense
Tinker Tailor Soldier Spy	Focus Features	Thriller-or-Suspense
La piel que habito	Sony Pictures Cla…	Thriller-or-Suspense
Martha Marcy May Marlene	Fox Searchlight	Thriller-or-Suspense
Melancholia	Magnolia Pictures	Thriller-or-Suspense
La doppia ora	Samuel Goldwyn Films	Thriller-or-Suspense
Casino Jack	Samuel Goldwyn Films	Thriller-or-Suspense
A bout portant	Magnolia Pictures	Thriller-or-Suspense
"Crime d'amour"	IFC Films	Thriller-or-Suspense
Di Renjie	Indomina Releasing	Thriller-or-Suspense
Munger Road	Freestyle Releasing	Thriller-or-Suspense
Hanyo	IFC Films	Thriller-or-Suspense
Luftslottet som sprängdes	Alliance Atlantis	Thriller-or-Suspense
Cold Weather	IFC Films	Thriller-or-Suspense
Akmareul Boatda (악마를 보았다)…	Magnet Pictures	Thriller-or-Suspense
Misterios de Lisboa	Music Box Films	Thriller-or-Suspense
The Double	Image Entertainment	Thriller-or-Suspense
Viva Riva!	Music Box Films	Thriller-or-Suspense
The Perfect Host	Magnolia Pictures	Thriller-or-Suspense
Texas Killing Fields	Anchor Bay Entert…	Thriller-or-Suspense
Road to Nowhere	Monterey Media	Thriller-or-Suspense
Went the Day Well?		Thriller-or-Suspense
Small Town Murder Songs	Monterey Media	Thriller-or-Suspense
Vanishing on 7th Street	Magnet Pictures	Thriller-or-Suspense
Brotherhood	Phase 4 Films	Thriller-or-Suspense
The Next Three Days	Lionsgate	Thriller-or-Suspense
InSight	Check Entertainme…	Thriller-or-Suspense
Trespass	Alchemy	Thriller-or-Suspense
The Tenant	Indican Pictures	Thriller-or-Suspense
The Town	Warner Bros.	Thriller-or-Suspense
"I'm Not Jesus Mommy"	FilmDemic	Thriller-or-Suspense
Shanghai Red	Indican Pictures	Thriller-or-Suspense
Wrecked	IFC Films	Thriller-or-Suspense
Inception	Warner Bros.	Thriller-or-Suspense
Good Neighbors	Magnolia Pictures	Thriller-or-Suspense
Rabia	Strand	Thriller-or-Suspense
Daylight	Cinema Purgatorio	Thriller-or-Suspense
Zenith	Cinema Purgatorio	Thriller-or-Suspense
Red Hill	Sony Pictures	Thriller-or-Suspense
Restitution	Monterey Media	Thriller-or-Suspense
Flickan som lekte med elden		Thriller-or-Suspense
Män som hatar kvinnor	Alliance Atlantis	Thriller-or-Suspense
The Hunger Games	Lionsgate	Thriller-or-Suspense
Taken 2	20th Century Fox	Thriller-or-Suspense
Prometheus	20th Century Fox	Thriller-or-Suspense
Safe House	Universal	Thriller-or-Suspense
The Bourne Legacy	Universal	Thriller-or-Suspense
Argo	Warner Bros.	Thriller-or-Suspense
Jack Reacher	Paramount Pictures	Thriller-or-Suspense
Chronicle	20th Century Fox	Thriller-or-Suspense
The Grey	Open Road	Thriller-or-Suspense
Savages	Universal	Thriller-or-Suspense
The Girl with the Dragon Ta…	Sony Pictures	Thriller-or-Suspense
The Cabin in the Woods	Lionsgate	Thriller-or-Suspense
End of Watch	Open Road	Thriller-or-Suspense
Alex Cross	Lionsgate	Thriller-or-Suspense
Premium Rush	Sony Pictures	Thriller-or-Suspense
Tinker Tailor Soldier Spy	Focus Features	Thriller-or-Suspense
Haywire	Relativity	Thriller-or-Suspense
Man on a Ledge	Lionsgate	Thriller-or-Suspense
The Raven	Relativity	Thriller-or-Suspense
Killing Them Softly	Weinstein Co.	Thriller-or-Suspense
Lockout	Open Road	Thriller-or-Suspense
Gone	Lionsgate	Thriller-or-Suspense
Arbitrage	Roadside Attractions	Thriller-or-Suspense
Zero Dark Thirty	Sony Pictures	Thriller-or-Suspense
The Cold Light of Day	Lionsgate	Thriller-or-Suspense
Omerta	Alliance Atlantis	Thriller-or-Suspense
Ek Tha Tiger	Yash Raj Films	Thriller-or-Suspense
Hodejegerne	Magnolia Pictures	Thriller-or-Suspense
Cosmopolis	Entertainment One	Thriller-or-Suspense
Agent Vinod	Eros Entertainment	Thriller-or-Suspense
The Paperboy	Alchemy	Thriller-or-Suspense
Melancholia	Magnolia Pictures	Thriller-or-Suspense
In Time	20th Century Fox	Thriller-or-Suspense
Sound of My Voice	Fox Searchlight	Thriller-or-Suspense
Branded	Roadside Attractions	Thriller-or-Suspense
Elena	Zeitgeist	Thriller-or-Suspense
Snabba Cash	Weinstein Co.	Thriller-or-Suspense
Polisse	IFC Films	Thriller-or-Suspense
From Beneath	Nocturnal Features	Thriller-or-Suspense
La piel que habito	Sony Pictures Cla…	Thriller-or-Suspense
The Woman in the Fifth	ATO Pictures	Thriller-or-Suspense
360	Magnolia Pictures	Thriller-or-Suspense
On the Ice	PMK*BNC	Thriller-or-Suspense
Martha Marcy May Marlene	Fox Searchlight	Thriller-or-Suspense
Deadfall	Magnolia Pictures	Thriller-or-Suspense
Red Lights	Alchemy	Thriller-or-Suspense
Wake in Fright	Drafthouse Films	Thriller-or-Suspense
Soldiers of Fortune	Roadside Attractions	Thriller-or-Suspense
Max et les ferrailleurs	Rialto Pictures	Thriller-or-Suspense
Keyhole	Monterey Media	Thriller-or-Suspense
The Day	Anchor Bay Entert…	Thriller-or-Suspense
The Divide	Anchor Bay Entert…	Thriller-or-Suspense
$upercapitalist		Thriller-or-Suspense
Trade of Innocents	Monterey Media	Thriller-or-Suspense
Shanghai Red	Indican Pictures	Thriller-or-Suspense
Beneath the Darkness	Image Entertainment	Thriller-or-Suspense
Snowtown	IFC Midnight	Thriller-or-Suspense
Pusher	Radius	Thriller-or-Suspense
Brake	IFC Films	Thriller-or-Suspense
Nuit Blanche	TriBeca Films	Thriller-or-Suspense
ATM	IFC Films	Thriller-or-Suspense
The Samaritan	IFC Films	Thriller-or-Suspense
Le Moine	Mongrel Media	Thriller-or-Suspense
"Le combat dans l'île"	The Film Desk	Thriller-or-Suspense
Fon tok kuen fah	Kino Lorber	Thriller-or-Suspense
A Dark Truth	Magnolia Pictures	Thriller-or-Suspense
Gravity	Warner Bros.	Thriller-or-Suspense
Now You See Me	Lionsgate	Thriller-or-Suspense
Olympus Has Fallen	FilmDistrict	Thriller-or-Suspense
Zero Dark Thirty	Sony Pictures	Thriller-or-Suspense
Oblivion	Universal	Thriller-or-Suspense
White House Down	Sony Pictures	Thriller-or-Suspense
Prisoners	Warner Bros.	Thriller-or-Suspense
The Call	Sony Pictures	Thriller-or-Suspense
Snitch	Lionsgate	Thriller-or-Suspense
Side Effects	Open Road	Thriller-or-Suspense
The Host	Open Road	Thriller-or-Suspense
Argo	Warner Bros.	Thriller-or-Suspense
Escape Plan	Lionsgate	Thriller-or-Suspense
Broken City	20th Century Fox	Thriller-or-Suspense
Runner Runner	20th Century Fox	Thriller-or-Suspense
Parker	FilmDistrict	Thriller-or-Suspense
The Counselor	20th Century Fox	Thriller-or-Suspense
Jack Reacher	Paramount Pictures	Thriller-or-Suspense
Spring Breakers	A24	Thriller-or-Suspense
Dead Man Down	FilmDistrict	Thriller-or-Suspense
Getaway	Warner Bros.	Thriller-or-Suspense
Paranoia	Relativity	Thriller-or-Suspense
All is Lost	Roadside Attractions	Thriller-or-Suspense
Closed Circuit	Focus Features	Thriller-or-Suspense
The Company You Keep	Sony Pictures Cla…	Thriller-or-Suspense
Trance	Fox Searchlight	Thriller-or-Suspense
The Saratov Approach	Purdie Distribution	Thriller-or-Suspense
Phantom	RCR Media Group	Thriller-or-Suspense
Only God Forgives	Radius	Thriller-or-Suspense
Taken 2	20th Century Fox	Thriller-or-Suspense
Sinsegye	Well Go USA	Thriller-or-Suspense
Kapringen	Magnolia Pictures	Thriller-or-Suspense
On The Job	Well Go USA	Thriller-or-Suspense
Du zhan	Variance Films	Thriller-or-Suspense
Europa Report	Magnolia Pictures	Thriller-or-Suspense
End of Watch	Open Road	Thriller-or-Suspense
Shadow Dancer	Magnolia Pictures	Thriller-or-Suspense
Das letzte Schweigen	Music Box Films	Thriller-or-Suspense
Passion	Entertainment One	Thriller-or-Suspense
Byzantium	IFC Films	Thriller-or-Suspense
We Are What We Are	Entertainment One	Thriller-or-Suspense
Go For Sisters	Variance Films	Thriller-or-Suspense
The Canyons	IFC Films	Thriller-or-Suspense
Final: The Rapture	Riverrain	Thriller-or-Suspense
Killing Them Softly	Weinstein Co.	Thriller-or-Suspense
Redemption	Roadside Attractions	Thriller-or-Suspense
Maniac	IFC Midnight	Thriller-or-Suspense
Graceland	Drafthouse Films	Thriller-or-Suspense
Simon Killer	IFC Films	Thriller-or-Suspense
The Last Days on Mars	Magnolia Pictures	Thriller-or-Suspense
A Single Shot	TriBeca Films	Thriller-or-Suspense
Evil Intent		Thriller-or-Suspense
Girls Against Boys	Anchor Bay Entert…	Thriller-or-Suspense
Welcome to the Punch	IFC Films	Thriller-or-Suspense
La proie	Cohen Media Group	Thriller-or-Suspense
Le Moine	Mongrel Media	Thriller-or-Suspense
Sweetwater		Thriller-or-Suspense
A Dark Truth	Magnolia Pictures	Thriller-or-Suspense
Inescapable	IFC Films	Thriller-or-Suspense
Rubberneck	TriBeca Films	Thriller-or-Suspense
Silver Circle	Hybrid Pictures	Thriller-or-Suspense
Max et les ferrailleurs	Rialto Pictures	Thriller-or-Suspense
Arbitrage	Roadside Attractions	Thriller-or-Suspense
Los Condenados	Strand	Thriller-or-Suspense
Plush	IM Global/Blumhouse	Thriller-or-Suspense
Pawn	Anchor Bay Entert…	Thriller-or-Suspense
Deadfall	Magnolia Pictures	Thriller-or-Suspense
Knife Fight	IFC Films	Thriller-or-Suspense
La marque des anges	Mongrel Media	Thriller-or-Suspense
"Le combat dans l'île"	The Film Desk	Thriller-or-Suspense
The Hunger Games: Mockingja…	Lionsgate	Thriller-or-Suspense
Gone Girl	20th Century Fox	Thriller-or-Suspense
The Purge: Anarchy	Universal	Thriller-or-Suspense
No Good Deed	Sony Pictures	Thriller-or-Suspense
Into the Storm	Warner Bros.	Thriller-or-Suspense
Nightcrawler	Open Road	Thriller-or-Suspense
3 Days to Kill	Relativity	Thriller-or-Suspense
The November Man	Relativity	Thriller-or-Suspense
Transcendence	Warner Bros.	Thriller-or-Suspense
Gravity	Warner Bros.	Thriller-or-Suspense
A Most Wanted Man	Roadside Attractions	Thriller-or-Suspense
Left Behind	Freestyle Releasing	Thriller-or-Suspense
Snowpiercer	RADiUS-TWC	Thriller-or-Suspense
Before I Go to Sleep	Clarius Entertain…	Thriller-or-Suspense
Under the Skin	A24	Thriller-or-Suspense
Kill the Messenger	Focus Features	Thriller-or-Suspense
Locke	A24	Thriller-or-Suspense
Repentance	Codeblack Enterta…	Thriller-or-Suspense
Enemy	A24	Thriller-or-Suspense
Más negro que la noche	Lionsgate	Thriller-or-Suspense
Holiday	Reliance Entertai…	Thriller-or-Suspense
The Signal	Focus Features	Thriller-or-Suspense
Omar	Adopt Films	Thriller-or-Suspense
The Saratov Approach	Purdie Distribution	Thriller-or-Suspense
The Two Faces of January	Magnolia Pictures	Thriller-or-Suspense
The Captive	Entertainment One	Thriller-or-Suspense
In Secret	Roadside Attractions	Thriller-or-Suspense
Cold in July	IFC Films	Thriller-or-Suspense
The Guest	Picturehouse	Thriller-or-Suspense
Night Moves	Cinedigm	Thriller-or-Suspense
Blue Ruin	RADiUS-TWC	Thriller-or-Suspense
La chambre bleue	IFC Films	Thriller-or-Suspense
All is Lost	Roadside Attractions	Thriller-or-Suspense
Jinn	Freestyle Releasing	Thriller-or-Suspense
Bethlehem	Adopt Films	Thriller-or-Suspense
Escape Plan	Lionsgate	Thriller-or-Suspense
Final: The Rapture	Riverrain	Thriller-or-Suspense
Cheap Thrills	Drafthouse Films	Thriller-or-Suspense
Borgman	Drafthouse Films	Thriller-or-Suspense
The Bag Man	Cinedigm	Thriller-or-Suspense
A Field in England	Drafthouse Films	Thriller-or-Suspense
Big Bad Wolves	Magnet Pictures	Thriller-or-Suspense
Grand Piano	Magnolia Pictures	Thriller-or-Suspense
Murder Eleven	Indican Pictures	Thriller-or-Suspense
Cold Comes the Night	Stage 6 Samuel Go…	Thriller-or-Suspense
The Counselor	20th Century Fox	Thriller-or-Suspense
Alien Abduction	IFC Midnight	Thriller-or-Suspense
Last Passenger	Cohen Media Group	Thriller-or-Suspense
Radio Free Albemuth	Freestyle Releasing	Thriller-or-Suspense
Go For Sisters	Variance Films	Thriller-or-Suspense
L’étrange couleur des larme…	Strand	Thriller-or-Suspense
Pioneer	Magnolia Pictures	Thriller-or-Suspense
"The Devil's Hand"	Roadside Attractions	Thriller-or-Suspense
Locker 13	"Brothers' Ink Pro…"	Thriller-or-Suspense
The Girl on the Train	Monterey Media	Thriller-or-Suspense
Missionary	Freestyle Releasing	Thriller-or-Suspense
These Final Hours	Mongrel Media	Thriller-or-Suspense
Truth	Left of Center En…	Thriller-or-Suspense
The Butterfly Room	Archstone Enterta…	Thriller-or-Suspense
The Last Days on Mars	Magnolia Pictures	Thriller-or-Suspense
The Hunger Games: Mockingja…	Lionsgate	Thriller-or-Suspense
The Martian	20th Century Fox	Thriller-or-Suspense
Bridge of Spies	Walt Disney	Thriller-or-Suspense
The Perfect Guy	Sony Pictures	Thriller-or-Suspense
Sicario	Lionsgate	Thriller-or-Suspense
The Gift	STX Entertainment	Thriller-or-Suspense
The Boy Next Door	Universal	Thriller-or-Suspense
No Escape	Weinstein Co.	Thriller-or-Suspense
Ex Machina	A24	Thriller-or-Suspense
Secret in Their Eyes	STX Entertainment	Thriller-or-Suspense
The Hunger Games: Mockingja…	Lionsgate	Thriller-or-Suspense
Self/Less	Focus Features	Thriller-or-Suspense
The Gunman	Open Road	Thriller-or-Suspense
Blackhat	Universal	Thriller-or-Suspense
The Loft	Open Road	Thriller-or-Suspense
Victor Frankenstein	20th Century Fox	Thriller-or-Suspense
Truth	Sony Pictures Cla…	Thriller-or-Suspense
Assassination	Well Go USA	Thriller-or-Suspense
Legend	Universal	Thriller-or-Suspense
Gone Girl	20th Century Fox	Thriller-or-Suspense
’71	Roadside Attractions	Thriller-or-Suspense
Child 44	Lionsgate	Thriller-or-Suspense
Black Sea	Focus Features	Thriller-or-Suspense
Remember	Entertainment One	Thriller-or-Suspense
The Third Man	Selznick Releasin…	Thriller-or-Suspense
Wo shi zheng ren	China Lion Film D…	Thriller-or-Suspense
Badlapur	Eros Entertainment	Thriller-or-Suspense
Nightcrawler	Open Road	Thriller-or-Suspense
Freetown	Purdie Distribution	Thriller-or-Suspense
Nh10	Eros Entertainment	Thriller-or-Suspense
Dark Places	A24	Thriller-or-Suspense
Une nouvelle amie	Mongrel Media	Thriller-or-Suspense
La French	Drafthouse Films	Thriller-or-Suspense
Beeba Boys		Thriller-or-Suspense
Cop Car	Focus Features	Thriller-or-Suspense
Z for Zachariah	Roadside Attractions	Thriller-or-Suspense
Every Secret Thing	Starz Digital Media	Thriller-or-Suspense
Man from Reno	Gravitas Ventures	Thriller-or-Suspense
Backcountry	IFC Midnight	Thriller-or-Suspense
Du rififi chez les hommes		Thriller-or-Suspense
Heist	Lionsgate	Thriller-or-Suspense
Beyond The Reach	Roadside Attractions	Thriller-or-Suspense
Lost River	Warner Bros.	Thriller-or-Suspense
Mr. X	Fox International	Thriller-or-Suspense
Marnie		Thriller-or-Suspense
Knock Knock	Lionsgate	Thriller-or-Suspense
Kill Me Three Times	Magnolia Pictures	Thriller-or-Suspense
Extraction	Lionsgate	Thriller-or-Suspense
Kkeut-kka-ji-gan-da	Kino Lorber	Thriller-or-Suspense
Dawn of the Crescent Moon	Indican Pictures	Thriller-or-Suspense
Area 51	Paramount Pictures	Thriller-or-Suspense
Victoria	Adopt Films	Thriller-or-Suspense
Gabriel	Oscilloscope Pict…	Thriller-or-Suspense
The Suicide Theory	Freestyle Releasing	Thriller-or-Suspense
Alléluia	Doppelganger Rele…	Thriller-or-Suspense
The Living	Monterey Media	Thriller-or-Suspense
Dias de gracia	Cinema Libre	Thriller-or-Suspense
Blackhats	Reel One Entertai…	Thriller-or-Suspense
Hyena	TriBeca Films	Thriller-or-Suspense
Windsor Drive	Indican Pictures	Thriller-or-Suspense
Julia	Archstone Enterta…	Thriller-or-Suspense
La chambre bleue	IFC Films	Thriller-or-Suspense
Body	Oscilloscope Pict…	Thriller-or-Suspense
La dame dans l’auto avec de…	Magnolia Pictures	Thriller-or-Suspense
Cut Snake	Monterey Media	Thriller-or-Suspense
The Captive	Entertainment One	Thriller-or-Suspense
El Nino	Distrib Films	Thriller-or-Suspense
Pioneer	Magnolia Pictures	Thriller-or-Suspense
